Years of professional software development experience  ,"Current role  
e.g. Developer, QA Engineer, DevOps, Team Lead, Product Manager",Company size,Work arrangement  ,Average working hours per day  ,"Average overtime hours per week  
Hours worked beyond your standard contracted hours
Number",How would you rate your current workload?  ,"Number of urgent/unplanned tasks per week
Tasks that weren't part of your planned work but had to be done immediately
Number    ",Sprint/deadline pressure  ,"Frequency of context switching between tasks  
How often you have to stop one task to handle another  ", Do you regularly work on weekends?  ,Are you currently on an on-call rotation?  ,"How often are you contacted about work after hours (messages, calls)?  ",How complex is your typical day-to-day work?  ,Average sleep hours per night  ,How would you rate your sleep quality?  ,How many days per week do you exercise?  ,Average daily screen time outside work (hours)  ,Average breaks taken per workday,Average one-way commute time (minutes)  ,Average caffeinated drinks per day,How would you rate the quality/regularity of your meals?  ,How often do you experience unstable power or internet during work hours?  ,How would you rate your current stress level?  ,How would you rate your energy level most days?  ,How often do you feel anxious about work?  ,How emotionally drained do you feel by work?  ,How motivated do you feel at work?  ,How often do you struggle to concentrate?  ,How often do you feel irritable?  ,How satisfied are you with your job overall?  ,How confident are you in handling your work challenges?  ,How well do you feel you cope with work pressure?  ,How supported do you feel by people around you generally?  ,How supported do you feel by your manager?  ,How supported do you feel by your peers/teammates?  ,How fair does your pay feel relative to your workload?  ,"How much control do you have over how you do your work?  
e.g. choosing your tools, methods, or schedule ",How clear is what's expected of you in your role?  ,How often do you feel tired?  ,How often are you physically exhausted?  ,How often are you emotionally exhausted?  ,"How often do you think ""I can't take it anymore""?  ",How often do you feel worn out?  ,How often do you feel weak and susceptible to illness?  ,exhaustion_composite,riskLevel
13,Senior Developer,SME (50–500),Hybrid,9,5,2,5,5,4,No,Yes,5,5,5.5,2,1,3,3,45,2,3,1,3,3,3,4,2,4,4,1,4,2,2,5,5,4,3,2,4,3,2,3,1,4,2.8333333333333335,Moderate
8,Site Reliability Engineer,SME (50–500),Remote,11,8,2,4,5,5,No,No,5,2,6.5,1,1,3,2,60,2,2,3,2,4,2,5,4,2,1,4,4,4,4,1,3,1,5,4,3,1,3,2,4,3,2.6666666666666665,Low
1,Frontend Developer,Enterprise (500+),On-site,10,21,4,15,5,3,Yes,Yes,5,4,6.0,2,1,3,1,75,3,1,2,3,4,5,5,4,5,3,4,3,4,5,2,2,1,3,4,5,1,4,3,4,2,3.1666666666666665,Moderate
15,Senior Developer,Startup (<50 employees),Hybrid,11,3,2,4,5,3,No,Yes,3,2,5.0,5,2,2,2,45,3,3,2,4,4,2,3,3,4,3,5,3,4,4,2,4,4,5,3,3,4,4,2,2,5,3.3333333333333335,Moderate
7,Scrum Master,Startup (<50 employees),Hybrid,8,4,5,8,4,3,Yes,No,3,3,5.0,2,3,4,3,30,2,4,4,5,4,4,2,2,5,4,1,2,4,1,2,4,4,4,3,4,3,3,4,4,4,3.6666666666666665,High
1,Senior Software Engineer,SME (50–500),Hybrid,9,8,5,5,5,4,No,No,3,4,7.0,2,2,3,3,30,3,3,2,5,4,5,3,4,4,5,1,3,2,3,3,3,3,5,5,2,2,4,2,3,2,2.5,Low
8,DevOps Engineer,SME (50–500),Hybrid,8,12,5,5,3,4,Yes,Yes,4,3,6.5,4,1,3,2,45,2,2,5,5,5,3,1,3,4,3,4,3,5,3,5,3,3,4,2,2,5,4,1,3,3,3.0,Moderate
10,Developer,Enterprise (500+),On-site,10,19,4,16,5,4,Yes,Yes,3,5,4.0,4,1,4,2,60,3,2,4,1,1,2,2,4,5,4,1,3,3,2,2,3,3,3,1,4,4,4,5,5,2,4.0,Critical
7,Scrum Master,Enterprise (500+),Hybrid,8,2,4,1,4,4,No,No,3,2,8.0,2,3,1,3,30,0,4,4,1,5,2,1,5,3,4,5,5,3,3,4,5,5,4,4,4,2,5,3,2,3,3.1666666666666665,Moderate
9,Frontend Developer,SME (50–500),Hybrid,10,20,5,7,2,5,No,Yes,5,5,5.5,2,0,4,1,60,4,3,4,5,1,4,2,2,4,5,2,2,2,4,3,2,1,4,1,5,5,3,2,5,3,3.8333333333333335,Critical
4,Full Stack Developer,Enterprise (500+),Hybrid,11,8,4,5,5,4,No,No,2,4,7.0,3,2,3,3,60,3,4,2,3,3,2,4,3,4,5,4,3,1,5,5,3,4,2,2,3,3,5,3,3,4,3.5,High
10,Data Engineer,Enterprise (500+),Hybrid,13,15,3,10,4,4,Yes,Yes,5,5,4.0,2,0,4,1,45,3,4,3,5,4,3,5,2,3,4,3,3,5,3,4,3,4,3,1,2,3,1,2,5,4,2.8333333333333335,Moderate
3,QA Engineer,SME (50–500),On-site,11,24,4,15,3,5,Yes,Yes,5,5,5.5,2,0,4,1,75,3,3,5,3,3,5,4,2,5,5,4,4,3,5,3,4,3,1,4,4,4,5,3,4,4,4.0,Critical
10,Business Analyst,SME (50–500),Remote,13,12,5,11,4,4,Yes,Yes,4,4,5.0,1,0,3,1,90,4,2,2,3,1,3,4,1,3,3,2,2,2,3,3,1,3,3,1,5,5,2,3,5,4,4.0,Critical
15,Senior Software Engineer,Enterprise (500+),Remote,9,5,3,5,1,2,Yes,No,3,4,7.5,2,4,2,3,15,1,2,2,2,3,1,4,4,3,4,4,2,4,4,4,4,2,3,4,3,3,2,5,3,1,2.8333333333333335,Moderate
6,Frontend Developer,SME (50–500),On-site,8,5,4,1,1,3,No,No,1,3,7.5,5,3,3,4,30,2,5,2,3,5,2,5,5,2,3,4,4,4,2,4,5,3,4,4,3,3,3,1,3,1,2.3333333333333335,Low
9,Site Reliability Engineer,SME (50–500),Hybrid,9,2,3,1,4,4,No,No,5,2,7.0,2,4,2,5,15,1,3,1,2,5,3,3,4,4,2,5,4,3,4,3,5,3,3,5,3,3,4,2,1,4,2.8333333333333335,Moderate
8,DevOps Engineer,Startup (<50 employees),On-site,8,6,5,5,5,2,Yes,Yes,4,2,5.5,4,3,3,3,30,3,2,2,4,2,3,4,4,4,4,4,3,3,2,5,4,3,3,5,2,4,4,3,1,4,3.0,Moderate
4,Project Manager,Enterprise (500+),Remote,12,17,5,16,2,3,Yes,No,5,3,6.0,5,1,3,2,90,4,2,3,2,2,5,1,2,4,4,4,3,2,4,2,2,2,2,2,4,4,5,3,5,4,4.166666666666667,Critical
5,Senior Software Engineer,Enterprise (500+),Hybrid,8,5,2,5,2,2,No,No,2,4,8.0,4,3,3,4,15,1,4,2,3,4,3,1,4,1,3,3,5,4,5,5,5,5,4,4,2,2,3,2,2,2,2.1666666666666665,Low
12,Full Stack Developer,Startup (<50 employees),Remote,11,21,5,10,5,3,Yes,Yes,2,5,4.0,1,0,3,1,60,5,3,3,4,2,5,4,3,4,4,2,2,5,4,1,5,2,5,4,4,1,4,4,5,3,3.5,High
11,Software Engineer,Startup (<50 employees),On-site,8,4,1,2,3,4,No,Yes,2,3,7.5,3,3,1,5,45,1,4,3,2,5,2,2,4,1,1,5,2,4,3,3,3,3,4,3,3,3,3,4,3,1,2.8333333333333335,Moderate
4,Senior Developer,Enterprise (500+),On-site,9,4,2,1,4,2,Yes,No,2,4,6.5,4,3,1,3,45,0,3,2,4,5,4,3,4,1,5,5,4,4,4,4,5,5,4,5,1,3,1,2,5,2,2.3333333333333335,Low
7,Developer,SME (50–500),Hybrid,11,10,5,9,5,4,Yes,No,3,4,6.0,3,2,4,3,45,2,3,4,4,4,4,4,3,5,3,3,5,1,2,3,5,1,1,2,2,1,3,3,3,3,2.5,Low
15,Software Engineer,SME (50–500),Remote,9,4,3,2,2,2,Yes,Yes,5,3,6.0,4,3,3,5,15,1,5,4,3,5,5,3,2,2,4,3,5,2,2,3,2,5,5,5,3,2,3,2,3,2,2.5,Low
2,DevOps Engineer,Startup (<50 employees),On-site,9,10,5,3,4,4,Yes,No,2,3,5.0,1,3,2,2,60,3,2,2,1,4,1,4,5,2,5,5,2,5,4,5,4,4,4,5,4,4,5,2,2,2,3.1666666666666665,Moderate
13,DevOps Engineer,SME (50–500),Hybrid,9,9,5,7,5,1,No,Yes,3,4,5.5,4,3,3,2,30,3,5,3,3,4,4,4,2,4,4,5,3,4,5,2,5,4,1,3,4,1,4,2,4,1,2.6666666666666665,Low
15,Data Scientist,SME (50–500),Remote,10,19,2,17,5,4,No,Yes,1,3,4.5,5,0,4,1,75,4,1,1,5,3,4,5,1,4,5,2,3,3,2,5,3,4,2,2,2,5,4,5,4,5,4.166666666666667,Critical
1,Junior Developer,Startup (<50 employees),Hybrid,8,3,1,5,2,1,No,No,3,3,6.0,4,3,2,3,15,1,4,2,2,5,1,3,5,2,5,5,4,4,5,5,4,4,3,2,3,1,3,1,2,3,2.1666666666666665,Low
1,Senior Software Engineer,Startup (<50 employees),Hybrid,10,20,3,12,4,5,Yes,No,5,2,5.5,1,0,5,1,90,3,2,4,5,3,5,4,3,3,5,2,4,3,4,3,4,1,1,2,3,5,4,5,4,3,4.0,Critical
7,Developer,Startup (<50 employees),Remote,12,12,5,15,4,3,Yes,Yes,4,3,5.5,1,1,4,2,75,4,3,3,4,2,5,2,2,5,5,3,3,5,2,2,3,2,4,2,5,4,5,4,4,4,4.333333333333333,Critical
6,Senior Software Engineer,Startup (<50 employees),On-site,10,10,4,6,4,2,Yes,No,2,4,5.0,4,1,4,3,30,2,2,3,3,4,3,3,4,4,2,2,1,4,4,3,5,4,4,5,3,2,3,1,4,5,3.0,Moderate
7,Full Stack Developer,Startup (<50 employees),Remote,7,0,4,4,2,5,No,Yes,5,4,6.0,4,3,2,4,30,0,3,1,5,4,1,2,5,2,2,5,3,4,5,3,1,3,5,5,4,1,4,4,3,5,3.5,High
5,QA Engineer,SME (50–500),Remote,13,13,4,7,4,5,No,Yes,5,5,6.0,3,1,4,2,90,3,3,3,4,3,4,5,3,5,4,2,3,3,3,1,4,1,4,4,4,4,5,5,5,5,4.666666666666667,Critical
5,Frontend Developer,SME (50–500),Hybrid,9,2,4,2,4,3,No,No,4,2,6.0,4,3,1,4,15,0,4,2,3,5,3,3,2,3,2,5,5,4,2,5,5,2,3,5,2,4,2,1,4,2,2.5,Low
15,Data Engineer,SME (50–500),On-site,9,11,5,9,4,3,No,No,3,3,7.0,3,2,4,3,60,3,2,2,2,2,5,4,4,2,3,3,3,4,3,4,2,2,3,4,4,3,3,3,1,2,2.6666666666666665,Low
4,Cloud Engineer,SME (50–500),Remote,11,11,3,7,5,4,Yes,Yes,4,4,5.5,1,1,3,1,90,4,2,3,4,3,5,5,2,5,4,1,3,5,2,3,2,2,1,3,5,4,5,5,5,3,4.5,Critical
8,Developer,SME (50–500),On-site,8,11,4,6,4,2,No,Yes,4,5,5.5,1,1,2,2,45,2,2,3,5,3,5,5,2,4,4,4,3,4,3,3,4,4,4,4,2,2,5,2,1,2,2.3333333333333335,Low
14,UI/UX Developer,SME (50–500),On-site,8,8,3,9,4,4,No,Yes,3,3,5.0,4,1,3,3,30,2,4,1,4,5,5,3,5,1,1,4,3,3,4,2,3,3,4,4,3,3,2,1,4,2,2.5,Low
12,QA Tester,SME (50–500),Remote,7,3,3,4,3,4,No,No,2,4,7.0,3,4,3,4,30,0,4,2,1,3,3,1,4,2,1,3,5,5,5,4,2,4,4,5,1,3,2,1,3,2,2.0,Low
4,Engineering Manager,SME (50–500),On-site,8,11,2,10,3,4,No,Yes,4,2,6.5,4,3,3,2,45,2,4,2,5,2,5,3,1,1,4,4,4,2,1,3,3,3,5,5,5,4,3,2,4,4,3.6666666666666665,High
10,Developer,Startup (<50 employees),On-site,9,0,5,2,1,2,No,Yes,5,3,6.5,3,3,2,3,30,2,4,3,2,1,1,3,2,2,3,4,3,3,5,4,4,1,5,4,2,4,2,2,3,1,2.3333333333333335,Low
14,Cloud Engineer,SME (50–500),Hybrid,12,18,4,18,2,3,Yes,No,5,3,5.0,1,0,4,2,75,4,1,2,3,2,5,4,1,5,5,3,4,2,2,4,4,2,4,4,5,5,4,4,4,5,4.5,Critical
12,Site Reliability Engineer,Startup (<50 employees),On-site,10,18,5,13,4,4,Yes,Yes,5,5,5.0,1,0,3,1,45,3,1,3,4,4,4,5,1,4,5,1,3,3,3,1,3,3,2,4,5,5,4,5,4,3,4.333333333333333,Critical
1,Software Engineer,Startup (<50 employees),Remote,9,3,4,3,4,2,Yes,No,2,2,7.5,4,4,2,3,30,1,2,1,4,3,3,2,5,2,2,5,5,3,5,4,4,2,2,5,3,2,3,3,2,3,2.6666666666666665,Low
15,Business Analyst,SME (50–500),Remote,8,5,1,3,2,4,No,No,2,4,7.5,3,5,1,4,30,1,4,3,1,3,3,3,3,4,2,5,5,4,4,5,3,4,3,4,2,4,5,1,1,3,2.6666666666666665,Low
9,Engineering Manager,SME (50–500),Hybrid,8,4,4,5,2,4,No,Yes,3,4,7.0,2,2,2,2,60,2,4,2,4,2,3,5,4,3,3,5,4,4,4,1,2,4,2,3,5,4,4,3,4,1,3.5,High
12,Senior Software Engineer,SME (50–500),Remote,11,9,5,4,2,4,Yes,Yes,2,3,5.0,3,2,4,2,60,2,2,3,4,3,5,5,3,5,2,2,2,5,4,2,4,3,2,5,4,3,5,2,5,3,3.6666666666666665,High
4,Mobile Developer,Enterprise (500+),Hybrid,11,7,4,3,1,5,Yes,No,5,3,5.0,4,2,3,2,45,3,3,2,4,4,3,2,4,5,2,3,2,3,3,4,4,4,3,5,4,5,4,1,4,2,3.3333333333333335,Moderate
12,DevOps Engineer,Startup (<50 employees),Hybrid,8,10,2,10,4,4,No,Yes,2,2,7.0,3,2,4,2,60,2,4,3,5,1,2,3,3,3,3,2,3,4,3,1,4,1,5,2,4,5,5,3,5,5,4.5,Critical
9,Backend Developer,Enterprise (500+),Hybrid,10,6,2,8,2,2,Yes,Yes,3,3,6.0,1,1,3,3,30,3,4,2,3,5,4,4,5,3,3,3,4,4,4,2,3,3,4,4,1,5,2,5,1,4,3.0,Moderate
6,Software Engineer,SME (50–500),Hybrid,8,3,3,5,3,3,No,Yes,2,2,7.5,4,4,3,4,30,1,4,1,2,3,2,1,3,2,5,4,4,3,4,3,3,3,1,1,2,1,1,1,4,3,2.0,Low
11,Developer,Startup (<50 employees),On-site,8,11,5,7,3,4,No,No,4,5,7.0,5,1,3,3,60,3,2,3,3,4,5,4,5,1,4,4,1,5,3,4,5,4,2,4,4,5,3,2,4,3,3.5,High
10,Frontend Developer,SME (50–500),Remote,9,5,5,3,2,3,No,No,3,5,5.5,1,2,2,3,45,2,2,3,3,4,4,5,4,3,4,3,3,4,3,4,5,4,5,4,3,4,3,3,4,3,3.3333333333333335,Moderate
8,Senior Developer,SME (50–500),Remote,8,3,5,5,1,4,No,Yes,1,4,5.0,2,3,3,3,45,2,2,1,5,2,5,4,2,2,2,5,3,3,3,2,4,2,5,3,3,3,3,5,4,1,3.1666666666666665,Moderate
14,Frontend Developer,SME (50–500),Hybrid,11,7,3,3,4,2,Yes,No,3,5,7.0,2,1,3,2,60,2,3,3,2,3,4,4,3,5,5,4,4,4,3,3,1,3,4,3,5,5,4,3,5,2,4.0,Critical
12,Developer,SME (50–500),Hybrid,11,19,5,9,4,5,Yes,No,4,4,5.0,1,1,4,1,60,4,3,5,4,3,5,5,5,4,3,4,3,4,5,1,5,2,3,4,5,1,4,4,5,4,3.8333333333333335,Critical
14,Test Engineer,Enterprise (500+),Hybrid,9,5,5,3,5,4,No,No,1,4,6.0,4,3,1,5,45,2,5,3,1,3,3,2,5,1,2,4,4,4,4,1,2,5,4,3,4,2,3,1,3,3,2.6666666666666665,Low
2,Backend Developer,Enterprise (500+),On-site,8,2,1,5,4,3,Yes,Yes,1,3,6.0,3,5,2,4,30,1,2,3,2,4,4,4,4,3,1,5,3,4,3,2,4,1,4,4,1,3,1,1,3,1,1.6666666666666667,Low
9,Backend Developer,Enterprise (500+),Remote,13,18,5,17,4,5,Yes,No,5,4,4.0,2,1,4,1,45,4,4,4,5,1,4,5,1,4,3,3,5,2,3,3,5,1,3,3,5,4,3,4,5,1,3.6666666666666665,High
13,Software Engineer,Enterprise (500+),On-site,13,16,5,17,5,5,No,No,2,4,5.5,3,0,4,1,75,3,3,2,4,1,3,4,2,5,1,2,3,1,2,2,3,2,3,4,1,4,5,4,5,3,3.6666666666666665,High
15,Full Stack Developer,Startup (<50 employees),On-site,11,17,5,20,4,3,Yes,Yes,4,5,5.5,3,0,4,2,60,5,2,3,5,3,4,4,1,5,5,4,3,3,1,3,4,5,2,3,5,4,4,5,4,4,4.333333333333333,Critical
9,QA Tester,Enterprise (500+),Hybrid,10,7,4,6,3,4,Yes,Yes,5,3,6.5,3,1,3,3,60,2,2,1,3,3,4,3,5,5,4,5,4,4,2,3,4,4,3,5,4,2,5,3,3,3,3.3333333333333335,Moderate
4,Data Engineer,Enterprise (500+),Hybrid,8,5,4,3,3,5,Yes,Yes,1,1,7.5,5,5,3,5,30,2,5,1,3,4,2,3,4,2,3,5,4,1,1,3,5,2,4,3,2,4,3,1,2,1,2.1666666666666665,Low
13,Developer,Enterprise (500+),Remote,10,4,5,10,4,4,No,Yes,1,2,6.0,2,2,4,2,45,2,4,5,5,5,1,5,4,3,5,2,4,3,3,4,4,3,3,5,2,3,5,4,3,4,3.5,High
4,Senior Software Engineer,Startup (<50 employees),Hybrid,10,23,4,13,2,5,Yes,Yes,5,4,5.0,3,0,4,2,75,3,3,3,4,2,2,3,3,1,4,2,1,5,2,2,3,1,1,4,5,3,5,4,5,3,4.166666666666667,Critical
14,Tech Lead,Startup (<50 employees),Remote,8,8,4,10,4,3,No,No,1,4,5.5,1,1,3,2,45,2,3,5,4,2,4,4,4,2,5,3,2,2,2,4,2,2,5,3,1,1,2,2,4,2,2.0,Low
1,Cloud Engineer,SME (50–500),On-site,7,0,3,4,4,4,No,Yes,3,1,6.5,4,5,1,4,30,1,4,2,2,3,2,1,5,3,5,3,5,5,4,4,3,4,4,2,2,4,4,5,3,1,3.1666666666666665,Moderate
1,Senior Software Engineer,Startup (<50 employees),Hybrid,9,3,4,1,3,4,No,Yes,2,2,6.0,4,3,1,4,45,1,4,3,2,4,3,1,3,2,2,5,2,4,3,5,3,3,4,5,3,2,2,1,2,2,2.0,Low
12,Senior Software Engineer,SME (50–500),Remote,10,9,3,9,5,3,Yes,No,4,4,7.0,1,3,2,3,45,3,3,2,4,5,5,2,2,5,4,5,3,4,4,4,3,1,4,3,3,5,3,4,3,3,3.5,High
1,Senior Software Engineer,SME (50–500),Hybrid,13,22,4,19,4,4,No,Yes,4,5,4.5,3,0,3,2,75,3,1,2,4,1,2,4,3,5,5,1,5,4,4,4,5,2,2,4,5,5,4,2,4,5,4.166666666666667,Critical
9,Backend Developer,Enterprise (500+),On-site,8,11,2,5,4,4,Yes,No,3,4,6.5,2,2,3,3,45,2,2,3,3,3,1,3,3,4,1,3,5,2,4,4,5,4,4,5,3,4,1,5,3,3,3.1666666666666665,Moderate
13,Frontend Developer,Enterprise (500+),On-site,10,9,5,6,4,3,Yes,Yes,3,5,6.0,4,1,3,3,60,2,3,2,1,3,3,3,4,3,3,3,4,5,4,4,3,3,3,3,4,5,2,3,4,1,3.1666666666666665,Moderate
11,Full Stack Developer,Startup (<50 employees),Hybrid,9,5,3,4,3,5,No,No,4,4,6.5,3,4,2,5,30,1,3,3,1,3,1,3,3,2,4,3,4,4,1,5,2,3,4,4,3,2,1,3,3,4,2.6666666666666665,Low
9,Senior Software Engineer,SME (50–500),On-site,11,9,4,9,1,4,Yes,Yes,3,3,5.5,1,1,5,1,90,4,2,5,4,4,2,4,1,5,5,3,3,2,1,2,5,2,4,5,4,4,3,2,2,4,3.1666666666666665,Moderate
10,Team Lead,SME (50–500),On-site,9,6,3,7,3,4,Yes,No,3,3,5.5,5,2,3,3,60,2,3,1,4,4,3,3,3,3,2,3,5,4,2,1,4,3,5,4,4,3,4,2,5,3,3.5,High
10,Team Lead,SME (50–500),On-site,9,6,3,7,3,4,Yes,No,3,3,5.5,5,2,3,3,60,2,3,1,4,4,3,3,3,3,2,3,5,4,2,1,4,3,5,4,4,3,4,2,5,3,3.5,High
13,Tech Lead,SME (50–500),Remote,10,6,5,4,4,5,No,No,2,2,7.0,4,1,2,3,30,2,4,4,4,4,4,3,2,4,4,3,4,2,4,4,4,5,5,5,5,4,4,1,4,3,3.5,High
13,Junior Developer,Startup (<50 employees),Hybrid,10,8,4,9,2,3,Yes,Yes,5,4,6.5,1,3,3,3,45,3,3,3,5,4,3,4,3,3,4,5,5,3,4,2,5,5,4,5,4,4,2,2,4,3,3.1666666666666665,Moderate
7,Business Analyst,SME (50–500),Remote,10,11,4,4,4,4,No,No,2,2,5.5,4,3,2,2,45,3,4,4,5,5,4,4,3,2,4,3,5,4,4,3,2,1,3,2,4,5,5,3,3,4,4.0,Critical
11,Site Reliability Engineer,Startup (<50 employees),On-site,12,12,5,13,5,5,No,Yes,4,4,5.5,3,1,5,1,60,3,1,2,4,2,3,3,1,5,5,5,3,2,4,2,3,1,2,2,4,5,2,3,5,2,3.5,High
15,UI/UX Developer,Startup (<50 employees),Remote,10,9,4,8,5,2,No,No,2,4,6.5,3,1,3,2,60,2,3,2,4,3,4,4,5,3,4,5,5,5,3,2,4,4,3,4,5,3,5,2,3,3,3.5,High
14,Product Manager,Enterprise (500+),On-site,11,20,5,16,5,4,No,No,5,4,5.5,1,1,4,1,90,4,2,3,4,3,4,5,4,4,5,3,3,5,1,2,3,2,3,4,5,4,2,3,4,3,3.5,High
13,Junior Developer,SME (50–500),On-site,8,9,3,10,5,5,No,Yes,4,4,5.5,4,2,3,3,45,3,3,3,4,1,4,3,4,3,4,2,4,3,5,5,5,4,4,3,3,3,4,4,3,5,3.6666666666666665,High
11,Team Lead,SME (50–500),On-site,10,3,3,4,4,4,No,No,1,1,6.0,3,2,2,2,30,3,4,5,3,4,4,3,5,5,5,4,3,3,5,1,4,4,4,5,3,3,2,2,3,2,2.5,Low
15,UI/UX Developer,Enterprise (500+),Hybrid,11,19,3,14,5,3,No,Yes,4,4,4.5,4,0,3,1,60,3,4,4,4,4,4,5,4,4,5,2,2,1,3,3,5,3,4,4,3,4,3,4,5,2,3.5,High
9,Senior Developer,Startup (<50 employees),Hybrid,10,18,4,13,5,5,No,Yes,5,5,4.5,2,1,3,1,75,3,1,3,3,2,4,5,3,5,5,4,2,4,4,4,4,1,3,4,2,5,4,2,3,1,2.8333333333333335,Moderate
6,Full Stack Developer,SME (50–500),Remote,10,12,4,7,4,2,No,No,2,2,5.5,2,3,3,3,45,2,2,3,4,4,3,3,1,4,2,3,4,5,3,2,4,3,3,5,5,3,3,3,4,1,3.1666666666666665,Moderate
3,Frontend Developer,SME (50–500),Hybrid,11,10,3,7,3,3,Yes,No,3,4,7.0,1,2,2,2,60,2,3,1,5,3,3,4,4,5,3,5,5,5,4,4,3,4,4,4,3,4,5,1,5,3,3.5,High
14,Junior Developer,SME (50–500),Hybrid,11,25,4,16,4,4,Yes,Yes,2,4,5.0,3,0,4,1,45,5,3,3,3,2,5,4,3,5,3,2,3,2,2,1,5,2,3,5,5,3,4,4,5,4,4.166666666666667,Critical
14,Junior Developer,Startup (<50 employees),Hybrid,11,4,2,5,1,5,No,Yes,2,5,6.5,1,3,2,2,30,3,4,5,4,3,3,4,3,4,1,1,4,4,4,2,4,2,2,3,2,3,3,2,2,1,2.1666666666666665,Low
6,Backend Developer,Enterprise (500+),Remote,8,1,4,4,3,3,No,No,2,2,6.5,3,3,3,4,30,1,4,1,2,5,3,2,5,2,5,4,3,3,2,2,4,5,5,3,3,1,1,2,3,1,1.8333333333333333,Low
12,Junior Developer,Enterprise (500+),Remote,9,3,5,3,3,4,No,No,3,3,6.5,4,4,2,4,15,1,3,1,1,4,3,2,4,3,1,4,5,5,4,4,2,3,2,5,2,2,4,4,4,1,2.8333333333333335,Moderate
4,Backend Developer,SME (50–500),Remote,8,0,4,1,3,2,No,Yes,1,4,7.0,4,3,2,5,15,1,1,1,2,1,3,2,4,2,2,4,5,2,5,4,4,3,2,2,3,2,4,2,1,3,2.5,Low
14,Team Lead,Enterprise (500+),Hybrid,11,3,5,6,5,3,Yes,Yes,2,4,6.0,3,1,3,2,45,2,3,1,2,4,5,4,2,3,4,4,2,1,4,3,3,1,4,5,5,4,4,1,4,3,3.5,High
12,Full Stack Developer,SME (50–500),Hybrid,11,9,2,9,5,4,No,No,5,4,5.0,3,2,3,3,60,2,4,2,4,4,2,4,3,4,3,5,2,4,4,4,3,3,4,3,3,4,4,2,3,2,3.0,Moderate
8,Developer,Startup (<50 employees),Hybrid,12,21,2,16,5,2,Yes,No,3,4,4.5,1,1,4,1,90,3,4,5,5,3,4,5,2,5,5,5,4,2,5,3,5,3,2,3,4,5,4,4,4,5,4.333333333333333,Critical
1,Senior Software Engineer,Startup (<50 employees),Hybrid,8,5,4,8,5,5,No,No,1,4,7.0,3,2,2,3,60,3,5,1,4,4,4,3,3,2,3,2,4,3,2,4,4,5,4,3,4,4,2,3,5,3,3.5,High
3,Senior Developer,SME (50–500),Hybrid,8,9,5,4,4,4,Yes,Yes,4,5,6.5,4,1,4,2,60,3,2,3,1,3,4,4,5,4,3,4,5,1,5,2,5,2,2,4,4,3,2,3,5,3,3.3333333333333335,Moderate
1,Tech Lead,Startup (<50 employees),Hybrid,9,1,3,2,4,3,No,No,3,3,7.0,5,4,2,3,30,1,3,1,3,4,3,2,4,1,2,3,3,3,4,2,4,3,4,4,4,1,3,1,1,3,2.1666666666666665,Low
9,QA Engineer,Enterprise (500+),Remote,10,9,2,3,5,4,No,Yes,3,4,5.0,1,1,2,2,45,2,3,5,4,5,2,3,4,2,1,4,4,3,3,3,1,3,2,2,5,4,4,2,3,2,3.3333333333333335,Moderate
6,QA Tester,Startup (<50 employees),Hybrid,7,1,3,4,1,2,No,No,5,2,8.0,3,3,2,5,15,1,4,3,2,4,4,4,5,1,3,3,4,4,4,4,5,2,4,4,2,2,5,3,4,5,3.5,High
7,Backend Developer,SME (50–500),Hybrid,8,4,4,1,3,2,No,Yes,1,4,7.0,3,5,2,3,30,1,5,3,3,4,1,2,4,3,3,3,1,4,3,4,1,4,5,3,3,1,3,2,2,2,2.1666666666666665,Low
4,Backend Developer,SME (50–500),Remote,11,23,5,9,5,5,Yes,Yes,4,3,5.5,3,0,4,1,60,3,3,2,5,3,5,5,1,4,5,2,4,2,2,2,3,3,4,4,5,5,5,1,5,3,4.0,Critical
3,Developer,Startup (<50 employees),On-site,7,2,3,5,1,2,No,No,4,1,6.5,4,5,2,5,15,1,4,4,2,3,2,1,3,5,2,4,4,3,3,3,3,4,4,1,3,4,4,3,4,2,3.3333333333333335,Moderate
14,Senior Developer,Enterprise (500+),Hybrid,12,24,2,12,3,4,Yes,No,5,4,6.0,4,1,3,2,45,5,1,1,5,1,4,4,1,3,1,2,1,3,2,5,5,2,4,4,5,4,3,4,5,4,4.166666666666667,Critical
7,Cloud Engineer,SME (50–500),On-site,11,9,3,5,4,4,No,No,3,4,7.0,5,3,4,2,45,3,5,1,3,2,4,3,3,2,3,5,3,4,4,5,2,5,4,5,5,3,2,2,4,2,3.0,Moderate
7,Engineering Manager,SME (50–500),Hybrid,8,5,5,2,1,4,No,No,2,4,7.0,5,5,2,3,15,0,5,3,3,3,4,2,1,2,3,4,5,2,4,4,3,4,4,5,4,3,2,3,2,1,2.5,Low
11,QA Tester,SME (50–500),Remote,8,5,3,2,2,1,No,No,2,3,8.0,4,5,3,3,30,1,5,2,5,4,2,3,5,4,1,5,3,1,4,3,5,3,5,1,2,2,2,1,2,2,1.8333333333333333,Low
3,Frontend Developer,SME (50–500),On-site,9,5,3,4,5,3,No,No,3,4,6.0,3,1,2,3,30,3,3,1,5,2,5,2,5,1,4,4,5,5,4,5,3,2,3,3,3,4,2,3,2,2,2.6666666666666665,Low
6,Test Engineer,SME (50–500),Hybrid,10,7,4,5,3,3,Yes,Yes,5,5,5.5,4,2,4,2,45,2,4,3,4,3,3,4,4,4,3,4,4,4,4,5,5,3,4,5,4,4,4,3,3,3,3.5,High
15,Backend Developer,SME (50–500),Hybrid,10,22,5,18,4,4,No,Yes,2,5,4.0,3,0,4,1,45,4,1,3,3,1,4,3,4,1,4,1,2,5,2,5,2,3,3,5,4,4,3,2,5,3,3.5,High
1,Junior Developer,Startup (<50 employees),Hybrid,11,10,4,6,1,3,No,Yes,4,5,5.0,4,1,3,3,30,3,3,2,3,3,4,4,5,5,4,4,3,4,1,4,4,1,1,3,4,3,4,3,4,2,3.3333333333333335,Moderate
14,Backend Developer,SME (50–500),Hybrid,9,2,5,5,3,3,No,No,5,3,6.5,4,4,2,3,15,1,4,2,1,4,4,5,4,3,4,4,3,5,4,4,3,2,5,4,2,2,3,2,2,4,2.5,Low
7,Tech Lead,Startup (<50 employees),Hybrid,8,4,4,5,2,2,No,No,3,4,6.5,4,4,3,4,45,1,3,1,3,2,2,3,4,3,1,4,4,5,4,5,5,4,3,4,3,3,3,2,2,2,2.5,Low
4,Full Stack Developer,SME (50–500),Hybrid,7,5,5,2,2,3,No,No,4,3,6.0,4,5,3,4,45,0,2,3,1,3,3,2,3,2,2,4,5,4,4,5,3,3,5,4,5,3,4,2,2,2,3.0,Moderate
7,Software Engineer,Enterprise (500+),Remote,8,7,2,5,5,3,No,No,4,5,7.0,2,2,4,3,60,3,4,2,4,3,3,4,3,3,5,1,3,5,4,4,3,3,5,4,4,2,1,5,3,3,3.0,Moderate
5,Frontend Developer,Enterprise (500+),Hybrid,9,5,4,5,3,2,No,No,2,4,7.5,4,3,1,5,30,0,4,1,2,4,1,5,3,1,2,5,4,4,1,1,4,4,5,2,3,4,2,3,1,4,2.8333333333333335,Moderate
10,Senior Software Engineer,Enterprise (500+),Remote,11,11,5,13,5,5,No,Yes,5,5,6.0,2,0,3,2,90,3,1,3,4,3,5,5,3,4,5,2,3,3,2,2,3,4,2,3,4,5,3,5,5,4,4.333333333333333,Critical
10,QA Tester,SME (50–500),Hybrid,8,11,4,9,1,4,No,Yes,3,5,6.0,3,3,3,2,45,3,3,5,3,3,4,4,5,5,3,2,1,4,5,2,2,1,5,3,3,3,5,3,4,2,3.3333333333333335,Moderate
4,Team Lead,SME (50–500),Remote,11,7,3,4,5,1,No,Yes,1,4,5.5,4,3,2,2,45,2,2,1,1,4,2,4,4,3,1,4,1,4,5,3,4,3,3,5,5,3,4,5,5,3,4.166666666666667,Critical
6,Product Manager,Startup (<50 employees),Hybrid,10,8,5,5,3,5,Yes,No,2,3,7.0,3,1,3,2,30,3,5,2,4,5,1,5,5,2,2,5,4,1,3,3,4,4,5,3,4,4,3,1,5,4,3.5,High
8,Developer,Startup (<50 employees),Remote,8,4,2,5,4,3,No,Yes,3,3,6.5,2,1,3,3,45,2,4,1,4,2,2,3,2,4,5,1,4,4,5,2,4,5,4,3,2,3,4,3,2,3,2.8333333333333335,Moderate
14,Frontend Developer,Enterprise (500+),On-site,8,4,4,8,3,2,Yes,Yes,4,3,5.0,1,3,3,2,45,2,4,3,4,4,3,1,5,3,3,1,3,5,3,3,4,4,3,3,5,4,2,1,4,2,3.0,Moderate
2,Junior Developer,Startup (<50 employees),Remote,9,5,4,4,1,4,Yes,No,5,4,6.5,2,1,3,2,45,3,4,4,3,4,3,2,4,1,3,3,4,4,3,4,3,3,4,4,5,3,4,3,5,2,3.6666666666666665,High
13,Developer,Startup (<50 employees),Hybrid,11,14,3,16,5,4,Yes,Yes,4,4,4.0,1,0,3,1,60,3,2,2,4,3,4,5,3,4,2,2,4,2,4,2,5,1,4,3,4,3,4,5,4,2,3.6666666666666665,High
2,Engineering Manager,SME (50–500),Hybrid,10,7,4,7,2,4,No,Yes,4,3,5.5,4,1,3,3,60,2,3,3,5,4,2,3,3,4,4,4,5,2,3,3,3,1,2,4,5,3,4,2,4,4,3.6666666666666665,High
15,Frontend Developer,Enterprise (500+),Hybrid,11,12,2,4,4,5,No,Yes,3,5,5.0,5,2,4,3,45,2,1,2,4,2,1,2,4,5,5,3,5,4,4,4,2,5,3,4,4,3,3,3,1,4,3.0,Moderate
14,Software Engineer,SME (50–500),Hybrid,10,12,5,8,3,3,Yes,Yes,3,5,6.5,2,1,4,3,30,3,5,2,3,4,4,4,5,4,3,4,3,4,4,1,4,3,3,4,3,4,2,3,4,3,3.1666666666666665,Moderate
8,Backend Developer,SME (50–500),Hybrid,8,7,2,8,3,5,No,Yes,4,2,7.0,2,1,4,3,60,2,3,2,2,4,4,4,3,3,3,5,3,3,3,4,3,5,3,5,2,4,5,1,5,3,3.3333333333333335,Moderate
8,Backend Developer,SME (50–500),Hybrid,8,7,2,8,3,5,No,Yes,4,2,7.0,2,1,4,3,60,2,3,2,2,4,4,4,3,3,3,5,3,3,3,4,3,5,3,5,2,4,5,1,5,3,3.3333333333333335,Moderate
12,Senior Software Engineer,SME (50–500),Remote,11,11,3,15,4,4,Yes,Yes,4,5,6.0,1,0,5,2,60,4,2,4,5,3,4,2,2,5,4,4,5,2,4,3,5,5,4,2,5,3,5,5,4,4,4.333333333333333,Critical
7,Junior Developer,SME (50–500),Remote,11,12,5,7,5,4,Yes,Yes,2,5,7.0,2,1,3,3,45,2,3,1,5,5,5,5,2,1,4,5,2,1,4,1,3,4,3,2,4,4,5,2,2,4,3.5,High
2,Full Stack Developer,Enterprise (500+),Hybrid,9,11,3,8,3,4,No,No,2,2,5.5,1,1,2,3,60,2,4,2,4,4,2,3,4,2,3,4,5,3,4,3,5,3,5,3,4,4,3,1,2,1,2.5,Low
11,Software Engineer,SME (50–500),Remote,11,15,5,15,3,5,Yes,Yes,1,5,5.0,1,0,4,1,45,4,3,3,5,1,5,5,1,4,5,4,3,2,4,3,3,2,2,4,4,5,4,4,4,5,4.333333333333333,Critical
6,Developer,SME (50–500),Hybrid,13,17,3,20,4,5,Yes,No,4,5,5.0,1,0,3,2,60,5,1,2,4,4,5,4,2,3,5,3,2,3,2,5,2,3,2,4,5,5,5,5,3,3,4.333333333333333,Critical
8,Frontend Developer,SME (50–500),Hybrid,9,5,4,9,3,3,Yes,No,5,3,5.5,2,3,4,2,60,3,4,1,2,4,5,4,2,2,5,2,4,1,2,4,4,3,2,5,3,4,5,1,5,2,3.3333333333333335,Moderate
2,Senior Software Engineer,SME (50–500),Hybrid,8,5,5,9,4,3,No,Yes,1,4,5.5,1,2,3,3,30,3,3,4,4,2,4,2,5,4,2,5,4,2,4,2,5,4,5,4,3,4,2,3,4,1,2.8333333333333335,Moderate
13,Developer,Enterprise (500+),On-site,9,10,2,6,2,4,Yes,No,3,5,6.5,2,1,3,3,60,2,3,1,3,3,2,3,5,4,2,2,3,3,3,3,4,4,3,5,3,1,4,3,5,4,3.3333333333333335,Moderate
6,Team Lead,SME (50–500),Hybrid,13,17,4,11,3,5,Yes,Yes,3,5,5.0,2,0,4,1,90,3,1,2,4,3,4,5,1,4,5,2,3,2,4,1,5,1,4,3,5,4,5,2,3,4,3.8333333333333335,Critical
8,Scrum Master,Enterprise (500+),Hybrid,8,5,3,2,3,3,Yes,No,2,2,7.5,1,5,3,5,30,1,3,1,2,4,3,1,1,1,2,5,4,5,4,3,2,5,5,3,3,3,3,4,3,2,3.0,Moderate
14,Senior Software Engineer,SME (50–500),Remote,8,2,5,5,2,2,Yes,No,2,3,6.0,3,4,2,4,30,0,4,1,4,1,4,3,4,3,3,4,2,3,3,1,4,2,3,2,2,2,5,1,3,1,2.3333333333333335,Low
12,Full Stack Developer,Startup (<50 employees),Hybrid,12,9,4,16,3,5,Yes,Yes,4,2,4.5,4,0,3,2,45,3,2,3,1,3,4,4,3,4,2,1,5,1,3,3,3,1,3,3,5,3,4,3,4,4,3.8333333333333335,Critical
2,Senior Software Engineer,SME (50–500),On-site,8,0,2,2,1,1,No,No,2,3,6.5,4,4,2,4,45,0,3,4,2,5,4,3,5,1,2,4,3,5,2,4,4,4,3,4,4,2,4,2,4,3,3.1666666666666665,Moderate
8,Senior Developer,Startup (<50 employees),Hybrid,8,1,3,3,5,4,No,No,2,4,6.5,3,5,2,4,30,1,4,2,2,4,4,2,4,3,2,3,5,4,4,4,1,4,4,4,3,1,2,4,2,2,2.3333333333333335,Low
1,UI/UX Developer,SME (50–500),Remote,7,1,2,1,2,3,No,Yes,3,4,7.0,5,5,3,4,30,0,5,1,1,2,3,2,4,5,4,4,3,5,5,4,4,3,5,4,3,1,4,2,2,3,2.5,Low
9,Developer,SME (50–500),On-site,11,12,5,7,3,4,No,No,4,4,7.0,2,3,3,3,45,3,2,2,4,4,3,5,3,4,4,4,5,4,4,1,3,2,4,3,3,2,2,2,5,4,3.0,Moderate
15,Senior Software Engineer,Enterprise (500+),Hybrid,12,9,4,12,3,5,Yes,No,4,3,5.0,2,0,3,2,75,3,4,5,5,3,4,5,1,3,5,3,3,2,3,1,2,1,3,4,2,5,4,4,5,4,4.0,Critical
11,Full Stack Developer,Enterprise (500+),Remote,13,24,5,13,4,4,No,Yes,5,5,4.0,1,0,3,1,60,4,1,2,4,4,4,4,3,5,4,2,2,5,2,2,1,1,4,2,3,4,1,2,5,5,3.3333333333333335,Moderate
7,Frontend Developer,Enterprise (500+),Remote,10,19,2,17,4,4,No,No,5,3,5.5,1,1,3,1,90,3,3,3,5,2,5,5,1,3,4,3,4,3,3,2,4,5,2,3,3,4,4,2,4,3,3.3333333333333335,Moderate
4,Backend Developer,Startup (<50 employees),Remote,10,3,2,7,3,5,No,No,3,4,6.5,3,2,3,2,45,2,1,1,5,1,4,5,3,3,4,5,5,4,2,4,3,3,1,3,4,3,3,2,5,4,3.5,High
14,Developer,SME (50–500),On-site,11,3,4,9,3,5,No,Yes,2,4,6.5,3,3,4,2,30,2,4,1,3,3,4,2,3,3,4,4,2,4,4,4,4,3,2,4,4,4,3,4,4,1,3.3333333333333335,Moderate
6,Full Stack Developer,SME (50–500),Hybrid,11,6,4,8,4,5,Yes,No,3,3,6.5,3,1,3,2,30,2,3,2,4,5,4,3,4,2,2,3,4,3,2,2,5,4,3,4,4,4,3,4,3,4,3.6666666666666665,High
7,Backend Developer,SME (50–500),Remote,8,2,4,4,3,4,No,No,3,3,6.5,4,3,1,3,15,1,5,3,2,3,2,2,4,2,2,3,1,3,4,3,4,4,5,5,4,1,3,3,1,2,2.3333333333333335,Low
15,Software Engineer,Startup (<50 employees),On-site,13,11,5,19,5,1,Yes,No,3,3,5.5,3,1,5,2,60,4,5,4,3,2,5,3,5,3,3,4,3,1,3,3,1,5,3,3,4,4,4,3,4,5,4.0,Critical
12,Software Engineer,Startup (<50 employees),Hybrid,7,1,4,2,3,3,No,No,2,4,6.5,5,5,2,5,15,1,4,2,2,5,2,1,4,1,1,3,4,4,5,4,4,3,3,5,1,1,4,2,1,1,1.6666666666666667,Low
9,QA Tester,Enterprise (500+),On-site,11,18,5,12,4,5,Yes,Yes,5,4,4.5,1,0,5,2,45,3,2,2,5,4,3,3,1,5,3,2,3,3,1,2,5,4,4,1,4,4,4,5,5,2,4.0,Critical
3,Tech Lead,Startup (<50 employees),Remote,12,20,4,8,5,5,Yes,Yes,4,4,5.0,2,0,3,2,60,5,1,3,4,4,5,4,2,3,4,2,4,5,3,3,5,4,1,3,4,3,3,1,5,3,3.1666666666666665,Moderate
1,Full Stack Developer,Enterprise (500+),Hybrid,8,4,2,3,5,3,No,No,3,3,7.5,5,3,3,5,30,1,4,1,3,5,3,3,3,1,2,2,4,3,4,3,4,4,1,2,2,4,1,3,5,3,3.0,Moderate
11,Software Engineer,Startup (<50 employees),On-site,11,7,3,8,5,4,Yes,No,4,3,5.0,4,2,2,2,45,3,4,2,2,3,3,2,4,4,4,3,3,3,5,1,5,3,5,5,3,4,2,4,3,3,3.1666666666666665,Moderate
7,QA Tester,Startup (<50 employees),Remote,8,7,5,3,3,3,No,Yes,4,3,5.0,4,1,2,3,60,2,1,2,4,3,4,5,4,4,3,1,5,3,2,4,3,3,4,4,5,3,3,3,4,4,3.6666666666666665,High
9,Senior Developer,Enterprise (500+),Hybrid,11,3,5,3,4,5,No,No,3,4,5.5,4,2,3,2,45,2,2,2,4,3,3,3,3,5,4,1,1,5,3,4,2,5,5,4,1,3,3,3,3,1,2.3333333333333335,Low
11,QA Tester,Startup (<50 employees),Remote,11,11,5,6,4,1,Yes,Yes,4,4,5.0,5,1,4,3,30,2,3,3,4,5,4,3,2,4,2,4,3,3,1,4,2,4,3,5,4,2,4,1,4,2,2.8333333333333335,Moderate
2,Software Engineer,SME (50–500),Remote,13,17,5,19,5,5,Yes,No,3,5,5.5,1,0,4,2,60,3,1,4,4,2,5,5,2,4,5,2,4,1,4,3,3,3,3,2,5,4,5,5,4,5,4.666666666666667,Critical
8,Software Engineer,Enterprise (500+),On-site,11,6,4,3,5,2,Yes,No,3,4,5.5,3,2,3,3,45,2,2,4,4,2,4,5,5,3,2,4,2,5,2,2,3,3,4,4,2,3,4,1,4,3,2.8333333333333335,Moderate
4,Developer,SME (50–500),On-site,8,12,5,10,5,4,No,Yes,3,2,6.5,2,3,3,2,45,2,4,5,4,1,4,4,4,2,3,4,2,3,3,4,5,4,3,3,5,5,5,4,3,4,4.333333333333333,Critical
6,Team Lead,Startup (<50 employees),Remote,9,6,4,9,5,2,Yes,Yes,1,2,5.0,3,1,4,3,45,2,2,3,3,3,4,3,5,5,4,1,2,3,2,5,2,3,3,4,2,3,3,4,1,5,3.0,Moderate
9,Software Engineer,SME (50–500),Remote,11,22,5,17,4,2,No,Yes,5,4,4.0,1,0,4,2,45,3,1,4,3,2,4,5,4,4,4,1,1,2,4,3,5,2,4,3,4,3,4,4,5,5,4.166666666666667,Critical
1,Developer,Startup (<50 employees),On-site,8,6,4,3,5,3,No,No,3,4,7.0,2,2,2,3,45,2,4,3,3,3,3,3,2,3,3,4,4,4,4,5,4,3,3,5,1,3,4,1,3,3,2.5,Low
5,Developer,Startup (<50 employees),On-site,9,3,3,3,4,4,No,No,2,4,5.5,3,1,2,2,45,2,3,3,5,3,2,2,4,3,2,4,2,4,4,4,2,5,4,3,3,3,5,4,4,4,3.8333333333333335,Critical
4,Junior Developer,SME (50–500),Remote,8,1,4,3,4,4,Yes,No,1,4,6.5,3,4,3,5,30,1,3,1,3,3,4,2,4,2,4,4,4,3,5,1,5,3,4,4,3,1,4,2,2,1,2.1666666666666665,Low
7,Cloud Engineer,Startup (<50 employees),On-site,11,7,5,7,5,2,Yes,Yes,3,5,7.0,1,3,2,3,45,3,2,1,4,5,3,3,4,5,5,5,1,2,4,4,3,2,4,2,3,3,4,3,3,3,3.1666666666666665,Moderate
8,Tech Lead,SME (50–500),Remote,8,5,5,8,4,5,No,No,3,4,5.0,2,3,4,2,45,3,3,2,5,4,2,4,3,5,4,3,4,4,3,4,5,1,4,3,3,3,3,4,3,4,3.3333333333333335,Moderate
4,Senior Software Engineer,Startup (<50 employees),Hybrid,8,3,4,5,3,3,No,No,3,4,7.0,4,4,2,4,30,0,3,4,3,5,1,5,3,1,5,3,4,3,4,5,3,4,3,4,2,2,2,1,4,2,2.1666666666666665,Low
4,Test Engineer,Startup (<50 employees),On-site,10,11,3,10,4,2,No,No,4,5,5.0,3,1,3,2,45,3,4,4,5,2,2,4,5,5,1,3,3,4,4,2,4,4,4,1,5,4,5,4,3,1,3.6666666666666665,High
9,Test Engineer,Startup (<50 employees),Hybrid,10,12,4,15,5,2,No,No,4,5,6.0,2,1,5,1,90,4,1,2,5,1,4,5,3,4,4,1,3,4,3,3,2,4,3,2,4,5,5,3,5,2,4.0,Critical
7,Frontend Developer,Startup (<50 employees),Remote,9,5,4,3,1,1,No,No,2,3,8.0,3,4,1,4,15,1,3,1,3,5,1,2,5,3,4,3,5,3,3,5,4,3,4,4,2,3,1,3,5,2,2.6666666666666665,Low
4,Site Reliability Engineer,Startup (<50 employees),Hybrid,8,11,5,9,4,3,No,Yes,5,5,6.5,1,1,3,3,60,3,3,4,5,4,3,4,5,3,5,2,4,4,4,3,5,4,3,4,3,3,3,4,4,3,3.3333333333333335,Moderate
13,Full Stack Developer,SME (50–500),Hybrid,11,11,1,8,5,4,Yes,Yes,4,4,5.5,3,1,2,3,60,2,1,2,2,2,3,3,4,3,5,5,4,3,3,3,4,3,5,5,3,4,2,2,3,2,2.6666666666666665,Low
15,Test Engineer,Startup (<50 employees),On-site,13,24,4,15,5,4,Yes,Yes,5,5,5.0,4,0,5,1,75,3,3,3,3,2,4,5,4,4,4,1,3,3,3,2,3,5,2,4,5,5,4,4,5,1,4.0,Critical
6,Test Engineer,Startup (<50 employees),Remote,10,12,4,6,4,4,No,No,5,4,5.0,3,3,3,3,60,3,3,2,5,3,3,3,4,1,5,2,4,3,3,5,3,3,1,1,3,4,2,1,3,3,2.6666666666666665,Low
6,Junior Developer,Enterprise (500+),Remote,8,4,5,9,2,2,No,Yes,5,2,5.0,2,2,3,2,45,2,3,5,2,3,2,4,4,5,3,5,2,4,2,5,4,4,5,2,1,5,3,1,4,3,2.8333333333333335,Moderate
13,DevOps Engineer,SME (50–500),On-site,7,2,2,5,2,5,No,Yes,4,4,6.5,3,5,2,5,30,1,4,2,4,3,3,1,5,4,3,4,5,4,3,3,4,4,3,4,5,1,2,1,4,1,2.3333333333333335,Low
2,Tech Lead,SME (50–500),Hybrid,10,8,4,10,4,4,No,No,3,5,6.5,3,2,3,2,30,3,4,1,4,3,4,5,5,4,3,4,4,2,3,5,5,1,4,5,3,3,4,2,2,4,3.0,Moderate
15,Team Lead,SME (50–500),Hybrid,13,12,4,18,5,3,Yes,Yes,5,3,4.5,2,0,4,1,60,4,3,4,5,1,5,5,2,4,4,1,2,1,4,3,5,3,1,5,5,4,5,5,4,5,4.666666666666667,Critical
13,Site Reliability Engineer,Startup (<50 employees),Remote,8,1,4,1,1,4,No,Yes,2,4,8.0,4,3,3,3,30,1,5,2,4,4,4,5,4,5,1,4,2,3,5,1,4,4,4,4,4,1,2,2,3,2,2.3333333333333335,Low
13,Cloud Engineer,SME (50–500),Hybrid,10,12,2,17,5,4,Yes,Yes,5,3,5.0,1,1,4,1,75,5,1,3,4,2,4,2,3,4,3,4,4,3,2,3,3,1,4,1,3,1,3,2,5,3,2.8333333333333335,Moderate
7,Senior Developer,SME (50–500),Hybrid,9,3,2,2,2,2,No,No,3,3,7.0,4,3,3,3,30,1,4,5,3,5,4,5,5,4,3,4,2,4,5,4,5,4,3,3,2,2,3,5,4,2,3.0,Moderate
8,Software Engineer,Enterprise (500+),Hybrid,8,4,4,5,2,1,Yes,No,3,4,8.0,3,4,1,4,30,2,5,1,2,5,1,2,3,2,2,4,4,5,2,3,4,4,4,5,1,4,3,1,4,3,2.6666666666666665,Low
8,Software Engineer,SME (50–500),Remote,7,0,1,3,2,3,No,No,1,2,8.0,5,4,1,3,30,2,4,3,1,5,4,2,5,2,1,3,3,3,4,4,4,3,1,4,3,2,4,3,4,2,3.0,Moderate
14,Backend Developer,SME (50–500),Hybrid,7,2,4,4,3,5,Yes,Yes,2,2,6.5,5,4,3,4,30,1,5,2,2,4,5,4,5,1,2,4,5,2,5,4,3,3,3,4,1,2,4,1,2,2,2.0,Low
2,Test Engineer,Enterprise (500+),On-site,10,8,2,7,4,3,No,No,3,3,6.0,3,1,3,2,45,2,4,3,4,4,3,4,5,4,5,4,2,2,4,3,3,4,3,3,5,5,3,4,5,3,4.166666666666667,Critical
12,Frontend Developer,SME (50–500),On-site,9,2,3,4,5,4,No,Yes,3,3,7.5,3,3,1,3,15,0,5,2,1,3,3,1,5,5,2,4,1,4,4,3,3,4,4,3,3,3,4,1,4,3,3.0,Moderate
15,Cloud Engineer,Enterprise (500+),On-site,9,0,2,1,2,4,No,No,2,4,8.0,3,4,2,3,15,0,3,2,2,5,3,1,4,3,5,1,3,5,5,4,5,2,4,3,2,4,1,2,5,1,2.5,Low
4,Software Engineer,Startup (<50 employees),Remote,12,19,5,12,5,5,Yes,No,3,4,6.0,4,1,4,2,45,3,2,3,4,2,3,4,3,5,3,2,4,3,3,3,5,1,3,3,4,3,3,3,5,4,3.6666666666666665,High
4,DevOps Engineer,Enterprise (500+),Hybrid,10,6,4,6,5,5,Yes,No,5,3,5.0,3,2,3,2,45,3,4,1,5,4,5,4,4,5,5,3,3,3,3,3,3,4,1,4,2,3,2,2,4,4,2.8333333333333335,Moderate
1,Team Lead,Startup (<50 employees),On-site,8,7,4,5,5,1,No,No,4,4,7.0,1,2,3,2,45,3,4,4,4,4,2,4,2,3,3,3,4,5,3,5,4,3,4,2,5,4,5,3,5,4,4.333333333333333,Critical
10,Backend Developer,SME (50–500),Hybrid,9,3,4,7,3,5,No,No,4,4,6.0,3,2,3,3,45,2,5,3,3,4,4,5,3,2,3,3,5,3,5,3,5,1,5,5,5,1,2,3,1,1,2.1666666666666665,Low
15,Senior Software Engineer,Startup (<50 employees),Remote,11,12,4,3,4,2,Yes,No,2,4,5.5,3,1,2,2,30,2,4,2,1,3,4,5,4,3,4,5,4,3,3,3,4,4,4,2,4,4,3,3,3,4,3.5,High
1,Developer,Startup (<50 employees),On-site,13,24,5,8,4,4,No,No,4,3,4.5,2,0,5,1,60,3,5,3,3,1,5,5,2,4,2,2,3,2,2,1,2,3,2,2,3,5,5,3,4,3,3.8333333333333335,Critical
15,Junior Developer,Enterprise (500+),Remote,11,12,4,7,5,2,Yes,Yes,2,3,6.5,3,2,3,2,30,3,3,4,3,2,3,3,1,2,2,2,3,5,4,4,3,3,1,4,4,2,4,3,3,2,3.0,Moderate
8,Tech Lead,SME (50–500),On-site,11,4,2,7,4,2,Yes,No,3,2,6.5,3,2,2,3,30,3,4,1,3,3,4,5,4,2,4,1,4,4,3,3,5,4,3,3,4,1,2,1,3,3,2.3333333333333335,Low
5,Developer,SME (50–500),Hybrid,10,16,5,20,3,4,Yes,Yes,4,4,4.5,3,1,5,2,75,3,2,4,5,3,4,3,4,5,3,3,4,2,4,5,5,4,3,3,1,2,4,3,3,3,2.6666666666666665,Low
8,Senior Software Engineer,Startup (<50 employees),Remote,7,5,5,5,5,3,No,No,3,4,7.0,5,4,1,3,30,0,2,4,1,5,1,5,4,3,1,5,5,4,4,4,1,4,5,4,2,2,3,1,2,1,1.8333333333333333,Low
8,Product Manager,SME (50–500),Hybrid,12,11,4,9,4,5,Yes,Yes,5,5,4.5,2,0,5,1,60,3,1,4,5,3,5,4,2,4,1,3,3,3,4,3,1,1,3,2,3,4,4,3,5,4,3.8333333333333335,Critical
11,Site Reliability Engineer,SME (50–500),Hybrid,10,5,5,4,4,4,No,No,3,4,6.5,5,2,3,3,30,2,2,3,5,3,4,3,2,2,4,5,3,4,5,2,5,3,4,3,4,4,2,3,2,4,3.1666666666666665,Moderate
8,Junior Developer,Enterprise (500+),Hybrid,9,6,4,8,4,1,No,No,3,4,6.5,2,1,3,3,30,2,1,2,4,5,4,5,4,1,3,4,5,5,3,2,3,5,5,5,3,3,3,2,4,1,2.6666666666666665,Low
2,Full Stack Developer,SME (50–500),Remote,9,1,4,1,2,2,No,No,3,3,8.0,4,5,3,3,30,0,3,3,4,2,2,4,5,3,3,4,3,2,3,3,5,4,4,4,2,3,4,1,1,3,2.3333333333333335,Low
12,UI/UX Developer,Enterprise (500+),On-site,9,3,5,10,3,5,No,No,4,5,5.0,3,2,3,2,45,3,3,4,3,5,4,4,1,2,4,3,4,2,5,4,3,4,4,4,3,4,3,2,3,3,3.0,Moderate
14,Site Reliability Engineer,SME (50–500),On-site,7,1,5,3,2,2,No,No,1,4,6.0,3,3,1,5,30,0,4,2,1,4,3,3,5,1,5,5,5,1,5,5,5,2,4,5,3,3,5,2,3,2,3.0,Moderate
5,Senior Developer,SME (50–500),On-site,12,19,4,16,5,2,Yes,Yes,4,4,5.0,1,1,4,1,60,3,3,3,4,2,4,4,1,3,5,1,1,4,2,3,3,1,3,1,5,4,3,3,4,3,3.6666666666666665,High
14,Backend Developer,Startup (<50 employees),Hybrid,10,5,5,8,2,5,Yes,No,3,4,5.0,1,1,2,2,30,2,3,3,3,4,3,3,4,1,2,3,5,4,2,5,4,3,5,3,3,3,4,3,4,5,3.6666666666666665,High
13,Developer,SME (50–500),Remote,10,11,5,11,5,4,No,Yes,3,5,4.0,2,0,4,2,60,5,2,3,5,4,4,4,3,4,5,2,1,5,4,1,5,2,3,5,4,3,4,4,3,4,3.6666666666666665,High
11,DevOps Engineer,SME (50–500),On-site,11,5,2,5,4,5,Yes,No,3,4,5.0,2,2,3,3,30,3,2,1,4,4,1,2,4,4,3,4,3,4,5,1,5,3,4,4,5,1,1,1,5,4,2.8333333333333335,Moderate
7,Engineering Manager,Enterprise (500+),Remote,9,4,4,7,4,4,Yes,No,3,4,5.0,2,2,3,2,60,2,3,1,2,3,1,4,2,4,1,1,3,5,4,4,2,4,1,3,4,3,5,1,5,3,3.5,High
4,Tech Lead,Enterprise (500+),Remote,8,11,3,3,3,4,No,Yes,2,4,5.5,4,1,4,2,45,2,2,1,4,5,3,3,3,2,4,4,3,5,2,4,4,3,3,3,4,4,3,4,3,4,3.6666666666666665,High
1,Full Stack Developer,Enterprise (500+),On-site,9,2,2,2,2,2,No,No,3,4,6.0,1,4,2,4,15,1,3,4,3,4,2,1,4,3,1,5,5,4,5,3,1,1,4,2,5,1,2,3,2,1,2.3333333333333335,Low
2,Senior Software Engineer,SME (50–500),Hybrid,11,9,5,8,2,4,No,Yes,5,5,5.5,5,2,4,2,45,3,4,1,4,2,3,3,3,3,2,2,1,3,5,2,5,4,4,4,5,2,4,3,4,4,3.6666666666666665,High
15,Full Stack Developer,SME (50–500),Hybrid,8,0,3,4,3,4,No,Yes,1,2,6.5,4,4,1,3,15,1,3,1,5,5,1,2,4,4,3,3,4,3,3,3,4,3,3,4,1,4,2,1,3,3,2.3333333333333335,Low
3,Full Stack Developer,Startup (<50 employees),On-site,10,18,5,8,5,5,No,No,3,4,5.0,2,1,4,1,60,5,1,3,3,3,3,5,2,3,5,1,3,1,3,3,3,1,3,4,5,4,5,3,4,2,3.8333333333333335,Critical
10,DevOps Engineer,Enterprise (500+),Hybrid,8,9,4,4,3,3,No,No,4,2,5.5,1,1,3,3,45,3,3,1,3,3,5,2,3,3,4,1,3,4,4,3,3,2,3,5,5,3,3,4,3,3,3.5,High
4,Junior Developer,SME (50–500),Remote,10,7,4,10,5,3,Yes,Yes,3,3,7.0,2,1,3,2,30,2,1,4,2,4,4,2,4,4,3,2,3,4,4,2,4,2,5,3,5,3,4,3,4,3,3.6666666666666665,High
6,Developer,Enterprise (500+),Hybrid,13,17,4,20,4,2,No,Yes,2,4,5.5,2,1,3,1,45,4,4,1,5,3,5,4,4,2,5,2,3,4,2,2,4,2,3,2,2,4,3,5,2,4,3.3333333333333335,Moderate
2,Site Reliability Engineer,Startup (<50 employees),Remote,7,0,2,4,3,1,No,No,2,5,6.0,3,3,1,5,45,1,4,2,2,3,3,1,3,3,1,2,3,5,5,1,4,3,4,5,4,3,5,5,4,3,4.0,Critical
1,Test Engineer,SME (50–500),On-site,8,7,5,7,2,2,No,No,2,5,5.5,3,3,3,3,60,2,3,1,1,5,4,4,5,5,5,3,3,2,3,3,4,4,5,4,4,3,1,2,4,2,2.6666666666666665,Low
6,Full Stack Developer,SME (50–500),Remote,8,12,5,10,4,4,No,No,5,2,7.0,4,3,2,2,45,2,4,3,4,2,4,4,5,1,1,3,2,4,5,3,5,1,2,1,3,5,2,3,3,5,3.5,High
1,Frontend Developer,Enterprise (500+),Hybrid,7,4,1,1,3,3,Yes,No,5,4,7.5,5,3,1,3,15,0,4,3,4,4,5,1,1,3,2,3,3,3,4,4,4,4,4,3,2,2,3,3,3,1,2.3333333333333335,Low
1,Site Reliability Engineer,Enterprise (500+),Remote,11,7,4,9,3,3,Yes,No,4,5,5.0,3,1,3,3,60,3,3,3,3,5,5,4,3,3,1,4,3,3,3,4,2,4,5,5,3,2,3,2,2,3,2.5,Low
15,Backend Developer,Enterprise (500+),Hybrid,11,11,5,6,4,4,Yes,No,3,4,7.0,2,1,2,2,60,2,4,1,5,5,4,4,1,5,5,5,4,3,5,3,4,1,5,2,3,4,4,3,3,1,3.0,Moderate
4,Product Manager,Enterprise (500+),Hybrid,12,12,4,10,4,4,No,Yes,4,4,5.5,1,0,5,1,45,5,3,5,5,5,3,3,2,3,4,3,3,2,5,1,3,3,4,3,1,4,2,2,5,3,2.8333333333333335,Moderate
12,Tech Lead,Enterprise (500+),Hybrid,9,3,3,6,2,5,No,No,3,4,6.5,3,2,3,3,45,2,1,3,3,4,4,5,5,1,5,4,4,1,5,2,5,1,4,4,3,2,3,1,4,3,2.6666666666666665,Low
14,QA Engineer,SME (50–500),Remote,11,15,5,18,4,3,No,No,5,5,6.0,4,0,3,1,75,4,1,2,5,3,4,5,2,4,5,1,3,2,3,2,3,1,3,2,3,2,5,3,5,4,3.6666666666666665,High
7,Senior Software Engineer,Startup (<50 employees),On-site,10,6,3,9,5,3,Yes,No,3,1,6.5,2,3,3,3,30,2,3,1,3,3,2,3,4,2,1,4,5,3,2,4,5,4,4,3,4,2,4,3,5,2,3.3333333333333335,Moderate
13,Software Engineer,SME (50–500),Hybrid,7,3,3,5,2,4,No,No,2,4,6.5,4,3,2,3,30,1,5,2,1,4,1,4,5,2,4,5,5,4,3,5,3,2,3,3,3,3,4,1,5,4,3.3333333333333335,Moderate
12,Software Engineer,SME (50–500),Hybrid,7,1,2,3,1,3,Yes,No,3,3,6.5,4,5,3,3,15,1,2,3,1,4,1,2,4,3,5,5,3,2,5,5,5,2,5,3,4,4,2,4,2,5,3.5,High
5,Senior Developer,SME (50–500),On-site,11,4,4,7,4,3,No,Yes,5,2,5.5,5,1,4,2,45,2,3,2,3,1,2,5,5,4,3,3,4,5,3,4,5,5,3,1,4,4,3,2,4,3,3.3333333333333335,Moderate
5,Team Lead,SME (50–500),Remote,11,9,5,10,2,5,Yes,Yes,3,3,6.5,3,2,3,3,45,2,5,3,3,3,4,4,4,4,3,5,5,2,2,5,5,5,5,4,4,4,2,4,4,3,3.5,High
8,Senior Developer,Startup (<50 employees),Remote,10,3,5,9,5,4,Yes,Yes,5,4,7.0,2,1,4,3,45,2,3,3,3,3,4,3,4,5,3,5,2,5,2,2,4,3,5,3,3,3,3,2,4,4,3.1666666666666665,Moderate
2,Senior Developer,Startup (<50 employees),Remote,10,21,4,15,1,5,Yes,No,4,4,6.0,1,0,3,1,60,3,1,3,5,4,3,3,1,4,5,4,4,2,3,4,3,2,5,4,5,3,4,2,5,2,3.5,High
12,QA Tester,Startup (<50 employees),Remote,13,24,4,11,5,4,Yes,No,4,5,4.0,1,0,4,1,75,4,3,4,2,2,5,3,3,5,4,2,3,4,2,5,4,5,1,2,5,5,4,4,5,1,4.0,Critical
8,Data Engineer,Startup (<50 employees),Hybrid,11,7,3,5,5,4,No,No,1,3,5.0,5,2,4,3,30,2,3,2,4,4,4,4,2,5,3,5,2,5,2,2,1,4,5,4,5,4,4,4,3,2,3.6666666666666665,High
14,Software Engineer,SME (50–500),On-site,11,8,4,14,4,5,Yes,Yes,2,5,5.5,4,0,4,1,75,4,1,3,3,3,2,5,1,5,4,2,5,3,5,1,3,3,5,2,5,4,5,3,4,5,4.333333333333333,Critical
3,Frontend Developer,Startup (<50 employees),Hybrid,13,22,4,7,5,4,Yes,Yes,4,5,6.0,2,0,5,2,90,4,3,2,4,2,4,4,2,5,4,2,5,3,3,2,5,2,3,2,4,4,5,5,5,4,4.5,Critical
13,Software Engineer,SME (50–500),Remote,9,11,4,9,5,3,Yes,Yes,1,4,6.0,4,2,4,3,30,2,2,5,2,3,3,5,3,5,1,2,3,4,5,1,1,4,2,2,1,1,3,1,3,4,2.1666666666666665,Low
3,Test Engineer,Startup (<50 employees),Hybrid,10,11,5,4,5,3,Yes,No,3,3,5.5,4,1,3,3,45,2,3,2,3,4,3,5,4,4,3,2,4,3,3,2,2,4,3,4,3,4,5,4,3,1,3.3333333333333335,Moderate
3,Test Engineer,Startup (<50 employees),Hybrid,10,11,5,4,5,3,Yes,No,3,3,5.5,4,1,3,3,45,2,3,2,3,4,3,5,4,4,3,2,4,3,3,2,2,4,3,4,3,4,5,4,3,1,3.3333333333333335,Moderate
10,QA Engineer,SME (50–500),Remote,9,12,3,8,4,1,Yes,No,5,4,5.0,4,2,3,2,45,2,3,3,3,2,2,1,3,4,4,2,5,4,5,4,4,1,2,1,4,3,4,2,5,2,3.3333333333333335,Moderate
1,DevOps Engineer,Startup (<50 employees),Remote,7,0,4,5,4,1,No,No,1,3,7.5,3,4,3,4,30,0,3,5,3,3,3,3,4,1,2,3,5,4,4,3,3,2,5,3,1,5,3,3,1,2,2.5,Low
15,Software Engineer,Enterprise (500+),Hybrid,9,3,3,8,2,2,No,No,5,4,7.0,3,2,4,2,45,3,2,4,4,5,3,2,3,2,5,1,4,4,3,1,4,3,3,5,3,3,4,1,5,3,3.1666666666666665,Moderate
4,Frontend Developer,Startup (<50 employees),Hybrid,9,2,4,1,4,1,No,Yes,3,3,7.5,3,3,1,3,15,1,4,3,3,4,2,3,4,4,2,1,4,3,5,5,2,2,4,4,2,3,3,1,1,3,2.1666666666666665,Low
3,Business Analyst,Enterprise (500+),Remote,7,3,3,3,3,5,Yes,No,4,3,8.0,4,4,2,4,15,1,2,5,2,5,1,4,3,1,4,5,4,4,4,5,3,3,4,4,4,2,1,2,3,1,2.1666666666666665,Low
6,Frontend Developer,Startup (<50 employees),On-site,9,10,5,5,4,4,No,No,3,5,7.0,3,2,4,2,45,2,4,1,4,2,4,5,4,4,4,5,4,5,4,3,3,3,2,5,4,5,2,2,5,3,3.5,High
5,Business Analyst,SME (50–500),On-site,9,9,4,9,4,2,No,Yes,4,4,5.0,4,1,2,2,45,3,4,5,4,2,5,4,4,4,5,4,3,4,1,3,3,2,1,2,4,4,5,2,4,5,4.0,Critical
8,Junior Developer,Startup (<50 employees),Remote,7,5,1,2,2,1,No,Yes,2,3,7.5,3,3,2,4,30,0,3,4,5,3,2,3,5,2,4,4,4,4,5,5,2,3,4,4,4,4,3,5,2,4,3.6666666666666665,High
9,Data Scientist,Startup (<50 employees),Hybrid,12,10,2,8,5,5,Yes,Yes,4,4,6.0,3,0,5,2,45,5,2,4,2,4,5,5,4,4,4,4,4,5,5,2,3,2,4,3,5,3,3,3,3,4,3.5,High
9,Frontend Developer,Enterprise (500+),On-site,7,3,4,2,2,3,Yes,No,1,5,7.5,3,3,3,5,15,1,2,1,3,2,4,3,5,3,5,4,4,5,4,1,4,5,5,4,3,5,1,2,2,3,2.6666666666666665,Low
12,Frontend Developer,Startup (<50 employees),Hybrid,11,8,4,7,3,4,No,Yes,3,4,5.5,5,3,4,2,30,2,2,3,4,1,5,3,3,4,3,3,2,3,4,5,3,3,4,5,3,3,4,3,2,3,3.0,Moderate
15,Software Engineer,SME (50–500),Hybrid,9,5,3,5,3,2,No,Yes,2,5,7.0,3,5,2,4,45,2,4,5,1,3,4,2,3,2,3,4,4,5,4,3,5,3,3,2,3,1,1,1,2,3,1.8333333333333333,Low
14,Junior Developer,Startup (<50 employees),Hybrid,13,13,5,16,2,5,Yes,No,3,5,4.5,2,1,3,1,60,3,2,2,4,1,4,3,1,2,5,1,4,1,2,3,3,5,5,4,5,4,4,5,5,4,4.5,Critical
5,Developer,SME (50–500),Hybrid,10,5,5,8,1,5,Yes,No,4,3,5.5,3,1,3,3,60,3,3,3,5,3,2,3,5,4,4,2,5,3,4,1,2,4,5,3,1,3,1,2,4,5,2.6666666666666665,Low
14,UI/UX Developer,SME (50–500),On-site,8,5,2,5,3,5,No,No,2,2,7.5,4,3,2,3,30,1,4,2,2,5,2,3,4,5,2,4,2,4,3,4,5,5,4,5,1,4,3,2,4,4,3.0,Moderate
10,Software Engineer,Startup (<50 employees),Remote,8,10,4,3,3,4,No,No,2,5,6.5,4,1,3,3,45,2,3,2,5,2,5,4,5,3,3,5,2,2,3,5,4,3,4,3,4,3,5,2,3,3,3.3333333333333335,Moderate
14,Junior Developer,SME (50–500),Hybrid,9,3,3,6,3,3,Yes,No,4,3,5.5,2,3,2,2,60,2,4,1,4,4,3,5,4,3,4,4,2,3,3,3,4,3,5,3,3,4,4,3,2,3,3.1666666666666665,Moderate
5,Backend Developer,Enterprise (500+),Hybrid,11,8,4,4,5,2,Yes,Yes,1,4,6.0,3,1,3,3,45,3,3,3,4,4,4,3,3,3,4,5,3,2,2,4,3,2,3,4,4,4,3,2,2,1,2.6666666666666665,Low
4,Software Engineer,SME (50–500),On-site,9,12,5,10,4,5,No,No,3,3,7.0,3,1,3,2,30,2,1,1,3,4,2,5,4,4,4,3,1,5,2,5,4,2,3,4,1,3,4,3,3,2,2.6666666666666665,Low
11,DevOps Engineer,SME (50–500),On-site,13,22,4,10,5,4,Yes,No,3,5,4.0,4,1,4,2,60,3,1,3,5,1,4,5,1,5,4,1,4,2,3,2,1,1,1,1,5,4,4,3,5,5,4.333333333333333,Critical
11,DevOps Engineer,Startup (<50 employees),On-site,8,8,5,4,3,5,No,No,4,3,5.5,3,1,4,2,45,2,2,4,4,5,5,3,3,5,5,4,4,4,3,4,5,4,1,3,2,3,5,1,3,2,2.6666666666666665,Low
2,Frontend Developer,Startup (<50 employees),On-site,10,11,5,7,5,4,Yes,No,3,4,5.0,2,1,4,3,30,2,2,1,5,3,3,5,4,4,3,3,4,2,3,2,1,3,4,3,3,4,2,3,4,2,3.0,Moderate
12,Senior Software Engineer,SME (50–500),Hybrid,12,17,4,17,5,4,Yes,Yes,4,5,4.5,4,1,5,1,75,4,1,5,2,1,5,2,4,5,2,2,4,3,5,4,3,1,5,3,3,5,5,4,4,4,4.166666666666667,Critical
11,Developer,Startup (<50 employees),Remote,10,12,3,10,1,5,Yes,Yes,2,3,7.0,3,2,3,3,60,3,3,2,4,4,1,5,2,3,5,2,3,2,3,2,3,3,5,5,2,4,2,1,2,5,2.6666666666666665,Low
15,Software Engineer,SME (50–500),On-site,10,15,4,10,5,3,Yes,Yes,5,3,6.0,2,0,5,1,45,4,3,4,5,2,3,5,3,3,3,1,3,4,4,5,1,4,4,3,5,4,5,5,5,4,4.666666666666667,Critical
8,QA Engineer,Enterprise (500+),Remote,7,4,4,2,4,5,No,Yes,1,1,6.5,4,4,2,4,30,0,3,1,4,3,1,1,5,1,2,3,5,5,5,4,4,4,3,4,1,4,2,2,3,2,2.3333333333333335,Low
11,Developer,Enterprise (500+),Hybrid,13,17,5,9,5,5,Yes,Yes,4,5,5.0,1,1,5,2,90,5,1,4,5,1,3,5,2,5,1,1,3,2,4,3,1,1,3,2,5,4,3,4,3,2,3.5,High
5,Site Reliability Engineer,SME (50–500),Remote,10,10,4,4,4,1,Yes,No,4,3,5.5,5,2,4,3,60,2,2,3,4,5,2,3,4,2,3,3,4,2,5,3,5,3,3,2,1,4,2,2,4,2,2.5,Low
7,Developer,Startup (<50 employees),Hybrid,9,1,1,2,5,2,No,Yes,1,4,7.0,2,3,3,4,30,0,5,4,2,5,2,2,3,4,4,4,4,4,5,3,4,4,1,4,3,2,5,1,5,1,2.8333333333333335,Moderate
11,Full Stack Developer,Enterprise (500+),Hybrid,8,1,4,3,3,4,Yes,No,5,4,8.0,2,4,2,5,30,1,4,2,2,1,3,2,3,1,1,2,4,3,4,4,5,1,4,3,3,4,3,2,3,3,3.0,Moderate
1,QA Tester,Startup (<50 employees),Remote,8,2,3,3,1,3,No,No,3,4,6.5,5,4,1,3,45,1,4,2,2,5,4,2,5,4,2,4,3,2,4,3,5,5,2,4,4,4,4,1,3,3,3.1666666666666665,Moderate
8,Senior Software Engineer,Startup (<50 employees),Hybrid,12,9,5,15,4,3,Yes,Yes,5,5,4.0,3,0,4,1,75,3,2,2,5,3,5,5,2,5,3,4,2,2,3,4,5,3,3,5,4,5,5,3,1,4,3.6666666666666665,High
2,Frontend Developer,Enterprise (500+),Remote,11,11,4,7,4,3,No,No,3,5,6.0,3,2,4,3,45,3,1,5,3,2,1,5,5,5,5,3,5,5,4,2,4,5,5,5,5,5,4,3,3,3,3.8333333333333335,Critical
8,Test Engineer,SME (50–500),Hybrid,10,12,2,3,3,2,No,Yes,3,3,6.5,2,2,2,3,60,2,2,2,5,4,5,3,5,2,1,5,5,2,2,1,2,2,5,4,4,4,4,4,4,2,3.6666666666666665,High
7,Backend Developer,Enterprise (500+),Hybrid,10,12,4,6,5,3,Yes,No,4,2,5.5,1,3,3,2,45,3,3,3,3,3,5,3,3,3,4,4,3,2,1,3,3,5,3,3,5,3,4,1,3,5,3.5,High
15,Backend Developer,SME (50–500),On-site,10,6,3,10,3,4,No,No,3,3,7.0,3,1,3,3,60,3,5,4,1,4,1,3,4,4,4,1,2,2,2,2,4,4,3,4,3,5,3,4,5,4,4.0,Critical
1,Senior Developer,Enterprise (500+),Remote,7,1,4,1,2,3,No,No,2,3,6.5,3,4,3,4,30,0,4,1,4,3,2,4,2,2,2,3,5,4,2,4,4,5,3,4,3,3,3,1,4,2,2.6666666666666665,Low
8,Senior Software Engineer,Enterprise (500+),Remote,11,19,3,19,5,5,Yes,Yes,4,4,4.0,2,0,3,1,60,4,1,2,5,2,4,4,1,1,5,3,4,3,4,5,4,2,3,3,4,4,5,4,3,2,3.6666666666666665,High
9,Full Stack Developer,Enterprise (500+),Hybrid,11,10,3,8,3,2,No,Yes,4,3,6.5,3,3,3,2,60,3,1,4,3,2,3,4,3,3,2,4,5,4,3,2,3,2,4,4,4,4,3,2,4,2,3.1666666666666665,Moderate
15,Developer,SME (50–500),On-site,9,5,3,2,1,4,Yes,No,1,2,8.0,3,4,2,3,30,2,3,3,4,4,3,2,4,3,3,5,3,4,3,2,4,3,3,3,3,5,4,1,4,3,3.3333333333333335,Moderate
13,Tech Lead,SME (50–500),Hybrid,12,20,5,13,1,5,Yes,Yes,5,2,6.0,2,0,4,2,45,5,2,4,5,2,4,5,2,4,1,3,3,3,2,5,3,3,3,4,4,5,4,3,5,5,4.333333333333333,Critical
14,Cloud Engineer,Startup (<50 employees),Hybrid,9,11,4,10,2,2,No,Yes,1,4,6.0,2,1,2,2,60,3,1,3,4,3,4,3,3,3,2,4,3,3,3,4,5,4,3,4,3,2,3,3,4,5,3.3333333333333335,Moderate
11,Full Stack Developer,Startup (<50 employees),Remote,10,17,5,14,3,3,Yes,No,5,5,5.5,3,0,3,1,60,4,1,2,4,2,4,3,1,3,5,2,4,3,5,2,2,1,2,4,3,3,5,4,2,1,3.0,Moderate
4,Backend Developer,Startup (<50 employees),Hybrid,7,1,3,2,2,3,No,No,2,3,8.0,5,3,2,3,30,1,4,4,3,4,1,4,3,2,1,4,5,3,3,5,4,4,3,5,2,5,3,2,1,2,2.5,Low
8,Scrum Master,Startup (<50 employees),Hybrid,9,1,4,2,2,4,No,No,1,4,6.5,4,3,3,5,15,1,2,4,3,3,1,1,4,3,1,3,3,3,4,4,4,5,5,4,4,5,1,1,1,2,2.3333333333333335,Low
1,Product Manager,Startup (<50 employees),Remote,11,14,3,7,3,5,No,No,5,5,6.0,2,1,3,1,45,4,2,4,5,2,5,5,2,4,5,3,2,3,3,2,2,4,4,3,5,5,3,3,4,5,4.166666666666667,Critical
14,Software Engineer,SME (50–500),Hybrid,7,0,2,5,3,2,No,No,2,3,6.5,4,3,2,3,45,2,3,2,3,4,2,3,3,1,1,3,5,5,4,4,3,4,3,4,5,2,4,1,2,1,2.5,Low
13,Junior Developer,SME (50–500),Hybrid,11,5,3,8,3,3,Yes,No,3,4,6.0,3,1,4,3,30,2,2,2,5,3,3,3,4,4,3,2,3,5,4,3,4,4,3,3,4,4,4,4,3,1,3.3333333333333335,Moderate
15,QA Engineer,Enterprise (500+),Hybrid,11,25,4,14,5,5,Yes,Yes,2,4,4.5,4,1,4,1,45,5,2,1,4,4,5,1,4,4,2,4,4,3,3,4,4,4,3,5,5,3,5,4,4,4,4.166666666666667,Critical
15,DevOps Engineer,SME (50–500),Hybrid,7,1,3,4,3,3,No,No,3,3,7.5,3,4,2,4,15,0,3,1,3,1,3,2,4,3,2,5,2,4,5,4,3,3,4,5,4,2,5,1,1,4,2.8333333333333335,Moderate
14,Junior Developer,SME (50–500),Hybrid,8,4,5,1,3,5,No,No,5,4,6.0,4,3,2,5,15,0,4,4,1,3,4,1,4,4,3,5,2,5,5,2,2,5,4,4,3,4,4,1,2,4,3.0,Moderate
9,Senior Developer,Startup (<50 employees),Hybrid,10,10,5,19,2,4,No,No,3,4,6.0,2,1,5,2,60,3,1,2,3,2,4,4,2,3,2,3,3,3,4,4,3,3,5,4,4,4,3,4,5,4,4.0,Critical
15,QA Engineer,Startup (<50 employees),Remote,12,19,5,18,2,5,Yes,No,3,3,4.0,2,0,4,1,90,4,2,5,3,2,5,5,3,5,5,4,2,2,3,3,2,1,3,5,5,4,3,3,3,2,3.3333333333333335,Moderate
8,Site Reliability Engineer,Startup (<50 employees),On-site,10,10,4,8,4,4,No,No,4,4,5.0,3,1,3,1,60,3,2,4,5,1,5,5,4,3,5,4,3,2,2,4,3,4,4,3,4,1,4,4,5,3,3.5,High
11,Developer,Enterprise (500+),Hybrid,12,23,3,10,5,5,Yes,No,5,4,5.5,2,0,3,1,60,4,1,4,5,2,5,4,2,5,4,4,1,3,3,3,5,3,4,3,4,4,4,5,3,3,3.8333333333333335,Critical
8,Senior Developer,SME (50–500),On-site,9,3,5,8,5,4,Yes,No,3,5,5.0,4,3,3,2,30,2,3,3,5,3,5,4,5,2,5,4,2,2,5,1,4,2,4,5,3,3,5,4,5,3,3.8333333333333335,Critical
4,QA Engineer,Startup (<50 employees),Hybrid,11,8,4,4,5,1,No,No,2,4,5.5,4,3,3,2,30,2,3,2,4,2,3,4,3,5,3,5,5,5,1,5,2,1,3,3,3,3,3,3,3,3,3.0,Moderate
14,Senior Developer,Startup (<50 employees),Remote,13,10,4,16,5,3,No,Yes,4,4,5.5,1,0,5,2,60,3,1,3,3,2,1,4,1,5,5,2,1,3,2,3,5,3,3,3,5,5,4,3,4,3,4.0,Critical
14,Junior Developer,SME (50–500),Remote,8,4,4,3,3,4,No,Yes,3,4,6.0,2,1,4,2,30,2,4,2,4,4,3,3,3,5,1,3,4,4,3,3,3,3,4,5,3,5,4,1,4,1,3.0,Moderate
8,QA Tester,Startup (<50 employees),Hybrid,10,25,4,10,5,5,No,Yes,4,5,4.5,1,0,4,1,60,5,4,4,5,1,3,5,2,4,4,3,2,3,2,1,3,1,4,1,3,4,4,1,1,5,3.0,Moderate
4,DevOps Engineer,SME (50–500),Hybrid,9,3,5,6,3,5,No,No,4,3,7.0,3,1,4,3,45,3,2,4,4,5,4,3,4,3,3,2,5,3,4,3,5,3,4,5,3,3,4,4,4,2,3.3333333333333335,Moderate
5,Tech Lead,SME (50–500),On-site,13,14,5,13,4,5,Yes,No,4,4,4.0,2,1,3,1,75,4,2,3,5,1,4,3,3,4,4,2,1,1,4,2,5,3,1,4,3,5,5,4,5,3,4.166666666666667,Critical
7,Software Engineer,SME (50–500),Hybrid,10,11,2,3,5,2,Yes,No,2,4,6.0,1,1,4,3,45,2,3,3,5,4,4,1,4,3,5,3,3,3,3,2,5,3,5,5,3,4,2,4,3,3,3.1666666666666665,Moderate
7,Senior Developer,Enterprise (500+),Hybrid,8,8,3,4,4,5,Yes,No,2,4,7.0,2,3,4,2,30,3,4,4,2,2,4,4,1,3,4,4,3,3,4,5,3,2,5,3,4,4,3,3,4,3,3.5,High
2,Data Scientist,SME (50–500),Remote,9,5,3,2,5,3,No,No,1,1,7.5,5,5,1,3,15,1,4,2,1,4,3,1,5,2,3,5,4,3,3,5,3,4,5,5,3,4,5,2,2,1,2.8333333333333335,Moderate
10,Tech Lead,SME (50–500),Hybrid,8,1,4,4,5,2,Yes,Yes,3,4,7.5,4,4,2,3,30,0,4,2,2,3,2,2,4,3,5,3,5,3,4,4,4,4,4,4,4,2,2,1,2,2,2.1666666666666665,Low
10,Backend Developer,Enterprise (500+),On-site,9,9,1,5,5,5,No,Yes,4,2,6.0,3,3,4,3,45,3,2,3,5,3,4,4,1,4,2,4,2,5,3,2,2,5,4,4,4,3,2,3,3,5,3.3333333333333335,Moderate
11,Senior Developer,Enterprise (500+),Remote,10,13,4,17,5,4,Yes,Yes,5,4,5.5,4,1,5,2,45,3,1,2,5,3,5,3,4,5,3,4,2,1,4,3,2,2,5,4,5,3,3,3,4,3,3.5,High
