years_of_experience,working_hours_per_day,overtime_hours_per_week,workload_rating,urgent_tasks_per_week,deadline_pressure,context_switching_frequency,after_hours_contact_frequency,work_complexity,sleep_hours_per_night,sleep_quality,exercise_days_per_week,screen_time_outside_work_hours,breaks_per_workday,commute_time_minutes,caffeinated_drinks_per_day,meal_quality_rating,unstable_power_internet_frequency,stress_level,energy_level,work_anxiety_frequency,emotional_drain_level,motivation_level,concentration_difficulty,irritability_frequency,job_satisfaction,work_challenge_confidence,pressure_coping_rating,general_support_rating,manager_support_rating,peer_support_rating,pay_fairness_rating,work_autonomy_rating,role_clarity_rating,seniority_tier,company_size_tier,works_weekends,on_call_rotation,work_arrangement_onsite,work_arrangement_remote,risk_level
13,9,5,2,5,5,4,5,5,5.5,2,1,3,3,45,2,3,1,3,3,3,4,2,4,4,1,4,2,2,5,5,4,3,2,3,2,0,1,0,0,Moderate
8,11,8,2,4,5,5,5,2,6.5,1,1,3,2,60,2,2,3,2,4,2,5,4,2,1,4,4,4,4,1,3,1,5,4,3,2,0,0,0,1,Low
1,10,21,4,15,5,3,5,4,6.0,2,1,3,1,75,3,1,2,3,4,5,5,4,5,3,4,3,4,5,2,2,1,3,4,2,3,1,1,1,0,Moderate
15,11,3,2,4,5,3,3,2,5.0,5,2,2,2,45,3,3,2,4,4,2,3,3,4,3,5,3,4,4,2,4,4,5,3,3,1,0,1,0,0,Moderate
7,8,4,5,8,4,3,3,3,5.0,2,3,4,3,30,2,4,4,5,4,4,2,2,5,4,1,2,4,1,2,4,4,4,3,4,1,1,0,0,0,High
1,9,8,5,5,5,4,3,4,7.0,2,2,3,3,30,3,3,2,5,4,5,3,4,4,5,1,3,2,3,3,3,3,5,5,3,2,0,0,0,0,Low
8,8,12,5,5,3,4,4,3,6.5,4,1,3,2,45,2,2,5,5,5,3,1,3,4,3,4,3,5,3,5,3,3,4,2,2,2,1,1,0,0,Moderate
10,10,19,4,16,5,4,3,5,4.0,4,1,4,2,60,3,2,4,1,1,2,2,4,5,4,1,3,3,2,2,3,3,3,1,2,3,1,1,1,0,Critical
7,8,2,4,1,4,4,3,2,8.0,2,3,1,3,30,0,4,4,1,5,2,1,5,3,4,5,5,3,3,4,5,5,4,4,4,3,0,0,0,0,Moderate
9,10,20,5,7,2,5,5,5,5.5,2,0,4,1,60,4,3,4,5,1,4,2,2,4,5,2,2,2,4,3,2,1,4,1,2,2,0,1,0,0,Critical
4,11,8,4,5,5,4,2,4,7.0,3,2,3,3,60,3,4,2,3,3,2,4,3,4,5,4,3,1,5,5,3,4,2,2,2,3,0,0,0,0,High
10,13,15,3,10,4,4,5,5,4.0,2,0,4,1,45,3,4,3,5,4,3,5,2,3,4,3,3,5,3,4,3,4,3,1,2,3,1,1,0,0,Moderate
3,11,24,4,15,3,5,5,5,5.5,2,0,4,1,75,3,3,5,3,3,5,4,2,5,5,4,4,3,5,3,4,3,1,4,2,2,1,1,1,0,Critical
10,13,12,5,11,4,4,4,4,5.0,1,0,3,1,90,4,2,2,3,1,3,4,1,3,3,2,2,2,3,3,1,3,3,1,4,2,1,1,0,1,Critical
15,9,5,3,5,1,2,3,4,7.5,2,4,2,3,15,1,2,2,2,3,1,4,4,3,4,4,2,4,4,4,4,2,3,4,3,3,1,0,0,1,Moderate
6,8,5,4,1,1,3,1,3,7.5,5,3,3,4,30,2,5,2,3,5,2,5,5,2,3,4,4,4,2,4,5,3,4,4,2,2,0,0,1,0,Low
9,9,2,3,1,4,4,5,2,7.0,2,4,2,5,15,1,3,1,2,5,3,3,4,4,2,5,4,3,4,3,5,3,3,5,3,2,0,0,0,0,Moderate
8,8,6,5,5,5,2,4,2,5.5,4,3,3,3,30,3,2,2,4,2,3,4,4,4,4,4,3,3,2,5,4,3,3,5,2,1,1,1,1,0,Moderate
4,12,17,5,16,2,3,5,3,6.0,5,1,3,2,90,4,2,3,2,2,5,1,2,4,4,4,3,2,4,2,2,2,2,2,4,3,1,0,0,1,Critical
5,8,5,2,5,2,2,2,4,8.0,4,3,3,4,15,1,4,2,3,4,3,1,4,1,3,3,5,4,5,5,5,5,4,4,3,3,0,0,0,0,Low
12,11,21,5,10,5,3,2,5,4.0,1,0,3,1,60,5,3,3,4,2,5,4,3,4,4,2,2,5,4,1,5,2,5,4,2,1,1,1,0,1,High
11,8,4,1,2,3,4,2,3,7.5,3,3,1,5,45,1,4,3,2,5,2,2,4,1,1,5,2,4,3,3,3,3,4,3,2,1,0,1,1,0,Moderate
4,9,4,2,1,4,2,2,4,6.5,4,3,1,3,45,0,3,2,4,5,4,3,4,1,5,5,4,4,4,4,5,5,4,5,3,3,1,0,1,0,Low
7,11,10,5,9,5,4,3,4,6.0,3,2,4,3,45,2,3,4,4,4,4,4,3,5,3,3,5,1,2,3,5,1,1,2,2,2,1,0,0,0,Low
15,9,4,3,2,2,2,5,3,6.0,4,3,3,5,15,1,5,4,3,5,5,3,2,2,4,3,5,2,2,3,2,5,5,5,2,2,1,1,0,1,Low
2,9,10,5,3,4,4,2,3,5.0,1,3,2,2,60,3,2,2,1,4,1,4,5,2,5,5,2,5,4,5,4,4,4,5,2,1,1,0,1,0,Moderate
13,9,9,5,7,5,1,3,4,5.5,4,3,3,2,30,3,5,3,3,4,4,4,2,4,4,5,3,4,5,2,5,4,1,3,2,2,0,1,0,0,Low
15,10,19,2,17,5,4,1,3,4.5,5,0,4,1,75,4,1,1,5,3,4,5,1,4,5,2,3,3,2,5,3,4,2,2,2,2,0,1,0,1,Critical
1,8,3,1,5,2,1,3,3,6.0,4,3,2,3,15,1,4,2,2,5,1,3,5,2,5,5,4,4,5,5,4,4,3,2,1,1,0,0,0,0,Low
1,10,20,3,12,4,5,5,2,5.5,1,0,5,1,90,3,2,4,5,3,5,4,3,3,5,2,4,3,4,3,4,1,1,2,3,1,1,0,0,0,Critical
7,12,12,5,15,4,3,4,3,5.5,1,1,4,2,75,4,3,3,4,2,5,2,2,5,5,3,3,5,2,2,3,2,4,2,2,1,1,1,0,1,Critical
6,10,10,4,6,4,2,2,4,5.0,4,1,4,3,30,2,2,3,3,4,3,3,4,4,2,2,1,4,4,3,5,4,4,5,3,1,1,0,1,0,Moderate
7,7,0,4,4,2,5,5,4,6.0,4,3,2,4,30,0,3,1,5,4,1,2,5,2,2,5,3,4,5,3,1,3,5,5,2,1,0,1,0,1,High
5,13,13,4,7,4,5,5,5,6.0,3,1,4,2,90,3,3,3,4,3,4,5,3,5,4,2,3,3,3,1,4,1,4,4,2,2,0,1,0,1,Critical
5,9,2,4,2,4,3,4,2,6.0,4,3,1,4,15,0,4,2,3,5,3,3,2,3,2,5,5,4,2,5,5,2,3,5,2,2,0,0,0,0,Low
15,9,11,5,9,4,3,3,3,7.0,3,2,4,3,60,3,2,2,2,2,5,4,4,2,3,3,3,4,3,4,2,2,3,4,2,2,0,0,1,0,Low
4,11,11,3,7,5,4,4,4,5.5,1,1,3,1,90,4,2,3,4,3,5,5,2,5,4,1,3,5,2,3,2,2,1,3,2,2,1,1,0,1,Critical
8,8,11,4,6,4,2,4,5,5.5,1,1,2,2,45,2,2,3,5,3,5,5,2,4,4,4,3,4,3,3,4,4,4,4,2,2,0,1,1,0,Low
14,8,8,3,9,4,4,3,3,5.0,4,1,3,3,30,2,4,1,4,5,5,3,5,1,1,4,3,3,4,2,3,3,4,4,2,2,0,1,1,0,Low
12,7,3,3,4,3,4,2,4,7.0,3,4,3,4,30,0,4,2,1,3,3,1,4,2,1,3,5,5,5,4,2,4,4,5,2,2,0,0,0,1,Low
4,8,11,2,10,3,4,4,2,6.5,4,3,3,2,45,2,4,2,5,2,5,3,1,1,4,4,4,2,1,3,3,3,5,5,4,2,0,1,1,0,High
10,9,0,5,2,1,2,5,3,6.5,3,3,2,3,30,2,4,3,2,1,1,3,2,2,3,4,3,3,5,4,4,1,5,4,2,1,0,1,1,0,Low
14,12,18,4,18,2,3,5,3,5.0,1,0,4,2,75,4,1,2,3,2,5,4,1,5,5,3,4,2,2,4,4,2,4,4,2,2,1,0,0,0,Critical
12,10,18,5,13,4,4,5,5,5.0,1,0,3,1,45,3,1,3,4,4,4,5,1,4,5,1,3,3,3,1,3,3,2,4,3,1,1,1,1,0,Critical
1,9,3,4,3,4,2,2,2,7.5,4,4,2,3,30,1,2,1,4,3,3,2,5,2,2,5,5,3,5,4,4,2,2,5,2,1,1,0,0,1,Low
15,8,5,1,3,2,4,2,4,7.5,3,5,1,4,30,1,4,3,1,3,3,3,3,4,2,5,5,4,4,5,3,4,3,4,4,2,0,0,0,1,Low
9,8,4,4,5,2,4,3,4,7.0,2,2,2,2,60,2,4,2,4,2,3,5,4,3,3,5,4,4,4,1,2,4,2,3,4,2,0,1,0,0,High
12,11,9,5,4,2,4,2,3,5.0,3,2,4,2,60,2,2,3,4,3,5,5,3,5,2,2,2,5,4,2,4,3,2,5,3,2,1,1,0,1,High
4,11,7,4,3,1,5,5,3,5.0,4,2,3,2,45,3,3,2,4,4,3,2,4,5,2,3,2,3,3,4,4,4,3,5,2,3,1,0,0,0,Moderate
12,8,10,2,10,4,4,2,2,7.0,3,2,4,2,60,2,4,3,5,1,2,3,3,3,3,2,3,4,3,1,4,1,5,2,2,1,0,1,0,0,Critical
9,10,6,2,8,2,2,3,3,6.0,1,1,3,3,30,3,4,2,3,5,4,4,5,3,3,3,4,4,4,2,3,3,4,4,2,3,1,1,0,0,Moderate
6,8,3,3,5,3,3,2,2,7.5,4,4,3,4,30,1,4,1,2,3,2,1,3,2,5,4,4,3,4,3,3,3,1,1,2,2,0,1,0,0,Low
11,8,11,5,7,3,4,4,5,7.0,5,1,3,3,60,3,2,3,3,4,5,4,5,1,4,4,1,5,3,4,5,4,2,4,2,1,0,0,1,0,High
10,9,5,5,3,2,3,3,5,5.5,1,2,2,3,45,2,2,3,3,4,4,5,4,3,4,3,3,4,3,4,5,4,5,4,2,2,0,0,0,1,Moderate
8,8,3,5,5,1,4,1,4,5.0,2,3,3,3,45,2,2,1,5,2,5,4,2,2,2,5,3,3,3,2,4,2,5,3,3,2,0,1,0,1,Moderate
14,11,7,3,3,4,2,3,5,7.0,2,1,3,2,60,2,3,3,2,3,4,4,3,5,5,4,4,4,3,3,1,3,4,3,2,2,1,0,0,0,Critical
12,11,19,5,9,4,5,4,4,5.0,1,1,4,1,60,4,3,5,4,3,5,5,5,4,3,4,3,4,5,1,5,2,3,4,2,2,1,0,0,0,Critical
14,9,5,5,3,5,4,1,4,6.0,4,3,1,5,45,2,5,3,1,3,3,2,5,1,2,4,4,4,4,1,2,5,4,3,2,3,0,0,0,0,Low
2,8,2,1,5,4,3,1,3,6.0,3,5,2,4,30,1,2,3,2,4,4,4,4,3,1,5,3,4,3,2,4,1,4,4,2,3,1,1,1,0,Low
9,13,18,5,17,4,5,5,4,4.0,2,1,4,1,45,4,4,4,5,1,4,5,1,4,3,3,5,2,3,3,5,1,3,3,2,3,1,0,0,1,High
13,13,16,5,17,5,5,2,4,5.5,3,0,4,1,75,3,3,2,4,1,3,4,2,5,1,2,3,1,2,2,3,2,3,4,2,3,0,0,1,0,High
15,11,17,5,20,4,3,4,5,5.5,3,0,4,2,60,5,2,3,5,3,4,4,1,5,5,4,3,3,1,3,4,5,2,3,2,1,1,1,1,0,Critical
9,10,7,4,6,3,4,5,3,6.5,3,1,3,3,60,2,2,1,3,3,4,3,5,5,4,5,4,4,2,3,4,4,3,5,2,3,1,1,0,0,Moderate
4,8,5,4,3,3,5,1,1,7.5,5,5,3,5,30,2,5,1,3,4,2,3,4,2,3,5,4,1,1,3,5,2,4,3,2,3,1,1,0,0,Low
13,10,4,5,10,4,4,1,2,6.0,2,2,4,2,45,2,4,5,5,5,1,5,4,3,5,2,4,3,3,4,4,3,3,5,2,3,0,1,0,1,High
4,10,23,4,13,2,5,5,4,5.0,3,0,4,2,75,3,3,3,4,2,2,3,3,1,4,2,1,5,2,2,3,1,1,4,3,1,1,1,0,0,Critical
14,8,8,4,10,4,3,1,4,5.5,1,1,3,2,45,2,3,5,4,2,4,4,4,2,5,3,2,2,2,4,2,2,5,3,3,1,0,0,0,1,Low
1,7,0,3,4,4,4,3,1,6.5,4,5,1,4,30,1,4,2,2,3,2,1,5,3,5,3,5,5,4,4,3,4,4,2,2,2,0,1,1,0,Moderate
1,9,3,4,1,3,4,2,2,6.0,4,3,1,4,45,1,4,3,2,4,3,1,3,2,2,5,2,4,3,5,3,3,4,5,3,1,0,1,0,0,Low
12,10,9,3,9,5,3,4,4,7.0,1,3,2,3,45,3,3,2,4,5,5,2,2,5,4,5,3,4,4,4,3,1,4,3,3,2,1,0,0,1,High
1,13,22,4,19,4,4,4,5,4.5,3,0,3,2,75,3,1,2,4,1,2,4,3,5,5,1,5,4,4,4,5,2,2,4,3,2,0,1,0,0,Critical
9,8,11,2,5,4,4,3,4,6.5,2,2,3,3,45,2,2,3,3,3,1,3,3,4,1,3,5,2,4,4,5,4,4,5,2,3,1,0,1,0,Moderate
13,10,9,5,6,4,3,3,5,6.0,4,1,3,3,60,2,3,2,1,3,3,3,4,3,3,3,4,5,4,4,3,3,3,3,2,3,1,1,1,0,Moderate
11,9,5,3,4,3,5,4,4,6.5,3,4,2,5,30,1,3,3,1,3,1,3,3,2,4,3,4,4,1,5,2,3,4,4,2,1,0,0,0,0,Low
9,11,9,4,9,1,4,3,3,5.5,1,1,5,1,90,4,2,5,4,4,2,4,1,5,5,3,3,2,1,2,5,2,4,5,3,2,1,1,1,0,Moderate
10,9,6,3,7,3,4,3,3,5.5,5,2,3,3,60,2,3,1,4,4,3,3,3,3,2,3,5,4,2,1,4,3,5,4,4,2,1,0,1,0,High
13,10,6,5,4,4,5,2,2,7.0,4,1,2,3,30,2,4,4,4,4,4,3,2,4,4,3,4,2,4,4,4,5,5,5,3,2,0,0,0,1,High
13,10,8,4,9,2,3,5,4,6.5,1,3,3,3,45,3,3,3,5,4,3,4,3,3,4,5,5,3,4,2,5,5,4,5,1,1,1,1,0,0,Moderate
7,10,11,4,4,4,4,2,2,5.5,4,3,2,2,45,3,4,4,5,5,4,4,3,2,4,3,5,4,4,3,2,1,3,2,4,2,0,0,0,1,Critical
11,12,12,5,13,5,5,4,4,5.5,3,1,5,1,60,3,1,2,4,2,3,3,1,5,5,5,3,2,4,2,3,1,2,2,3,1,0,1,1,0,High
15,10,9,4,8,5,2,2,4,6.5,3,1,3,2,60,2,3,2,4,3,4,4,5,3,4,5,5,5,3,2,4,4,3,4,2,1,0,0,0,1,High
14,11,20,5,16,5,4,5,4,5.5,1,1,4,1,90,4,2,3,4,3,4,5,4,4,5,3,3,5,1,2,3,2,3,4,4,3,0,0,1,0,High
13,8,9,3,10,5,5,4,4,5.5,4,2,3,3,45,3,3,3,4,1,4,3,4,3,4,2,4,3,5,5,5,4,4,3,1,2,0,1,1,0,High
11,10,3,3,4,4,4,1,1,6.0,3,2,2,2,30,3,4,5,3,4,4,3,5,5,5,4,3,3,5,1,4,4,4,5,4,2,0,0,1,0,Low
15,11,19,3,14,5,3,4,4,4.5,4,0,3,1,60,3,4,4,4,4,4,5,4,4,5,2,2,1,3,3,5,3,4,4,2,3,0,1,0,0,High
9,10,18,4,13,5,5,5,5,4.5,2,1,3,1,75,3,1,3,3,2,4,5,3,5,5,4,2,4,4,4,4,1,3,4,3,1,0,1,0,0,Moderate
6,10,12,4,7,4,2,2,2,5.5,2,3,3,3,45,2,2,3,4,4,3,3,1,4,2,3,4,5,3,2,4,3,3,5,2,2,0,0,0,1,Moderate
3,11,10,3,7,3,3,3,4,7.0,1,2,2,2,60,2,3,1,5,3,3,4,4,5,3,5,5,5,4,4,3,4,4,4,2,2,1,0,0,0,High
14,11,25,4,16,4,4,2,4,5.0,3,0,4,1,45,5,3,3,3,2,5,4,3,5,3,2,3,2,2,1,5,2,3,5,1,2,1,1,0,0,Critical
14,11,4,2,5,1,5,2,5,6.5,1,3,2,2,30,3,4,5,4,3,3,4,3,4,1,1,4,4,4,2,4,2,2,3,1,1,0,1,0,0,Low
6,8,1,4,4,3,3,2,2,6.5,3,3,3,4,30,1,4,1,2,5,3,2,5,2,5,4,3,3,2,2,4,5,5,3,2,3,0,0,0,1,Low
12,9,3,5,3,3,4,3,3,6.5,4,4,2,4,15,1,3,1,1,4,3,2,4,3,1,4,5,5,4,4,2,3,2,5,1,3,0,0,0,1,Moderate
4,8,0,4,1,3,2,1,4,7.0,4,3,2,5,15,1,1,1,2,1,3,2,4,2,2,4,5,2,5,4,4,3,2,2,2,2,0,1,0,1,Low
14,11,3,5,6,5,3,2,4,6.0,3,1,3,2,45,2,3,1,2,4,5,4,2,3,4,4,2,1,4,3,3,1,4,5,4,3,1,1,0,0,High
12,11,9,2,9,5,4,5,4,5.0,3,2,3,3,60,2,4,2,4,4,2,4,3,4,3,5,2,4,4,4,3,3,4,3,2,2,0,0,0,0,Moderate
8,12,21,2,16,5,2,3,4,4.5,1,1,4,1,90,3,4,5,5,3,4,5,2,5,5,5,4,2,5,3,5,3,2,3,2,1,1,0,0,0,Critical
1,8,5,4,8,5,5,1,4,7.0,3,2,2,3,60,3,5,1,4,4,4,3,3,2,3,2,4,3,2,4,4,5,4,3,3,1,0,0,0,0,High
3,8,9,5,4,4,4,4,5,6.5,4,1,4,2,60,3,2,3,1,3,4,4,5,4,3,4,5,1,5,2,5,2,2,4,3,2,1,1,0,0,Moderate
1,9,1,3,2,4,3,3,3,7.0,5,4,2,3,30,1,3,1,3,4,3,2,4,1,2,3,3,3,4,2,4,3,4,4,3,1,0,0,0,0,Low
9,10,9,2,3,5,4,3,4,5.0,1,1,2,2,45,2,3,5,4,5,2,3,4,2,1,4,4,3,3,3,1,3,2,2,2,3,0,1,0,1,Moderate
6,7,1,3,4,1,2,5,2,8.0,3,3,2,5,15,1,4,3,2,4,4,4,5,1,3,3,4,4,4,4,5,2,4,4,2,1,0,0,0,0,High
7,8,4,4,1,3,2,1,4,7.0,3,5,2,3,30,1,5,3,3,4,1,2,4,3,3,3,1,4,3,4,1,4,5,3,2,2,0,1,0,0,Low
4,11,23,5,9,5,5,4,3,5.5,3,0,4,1,60,3,3,2,5,3,5,5,1,4,5,2,4,2,2,2,3,3,4,4,2,2,1,1,0,1,Critical
3,7,2,3,5,1,2,4,1,6.5,4,5,2,5,15,1,4,4,2,3,2,1,3,5,2,4,4,3,3,3,3,4,4,1,2,1,0,0,1,0,Moderate
14,12,24,2,12,3,4,5,4,6.0,4,1,3,2,45,5,1,1,5,1,4,4,1,3,1,2,1,3,2,5,5,2,4,4,3,3,1,0,0,0,Critical
7,11,9,3,5,4,4,3,4,7.0,5,3,4,2,45,3,5,1,3,2,4,3,3,2,3,5,3,4,4,5,2,5,4,5,2,2,0,0,1,0,Moderate
7,8,5,5,2,1,4,2,4,7.0,5,5,2,3,15,0,5,3,3,3,4,2,1,2,3,4,5,2,4,4,3,4,4,5,4,2,0,0,0,0,Low
11,8,5,3,2,2,1,2,3,8.0,4,5,3,3,30,1,5,2,5,4,2,3,5,4,1,5,3,1,4,3,5,3,5,1,2,2,0,0,0,1,Low
3,9,5,3,4,5,3,3,4,6.0,3,1,2,3,30,3,3,1,5,2,5,2,5,1,4,4,5,5,4,5,3,2,3,3,2,2,0,0,1,0,Low
6,10,7,4,5,3,3,5,5,5.5,4,2,4,2,45,2,4,3,4,3,3,4,4,4,3,4,4,4,4,5,5,3,4,5,2,2,1,1,0,0,High
15,10,22,5,18,4,4,2,5,4.0,3,0,4,1,45,4,1,3,3,1,4,3,4,1,4,1,2,5,2,5,2,3,3,5,2,2,0,1,0,0,High
1,11,10,4,6,1,3,4,5,5.0,4,1,3,3,30,3,3,2,3,3,4,4,5,5,4,4,3,4,1,4,4,1,1,3,1,1,0,1,0,0,Moderate
14,9,2,5,5,3,3,5,3,6.5,4,4,2,3,15,1,4,2,1,4,4,5,4,3,4,4,3,5,4,4,3,2,5,4,2,2,0,0,0,0,Low
7,8,4,4,5,2,2,3,4,6.5,4,4,3,4,45,1,3,1,3,2,2,3,4,3,1,4,4,5,4,5,5,4,3,4,3,1,0,0,0,0,Low
4,7,5,5,2,2,3,4,3,6.0,4,5,3,4,45,0,2,3,1,3,3,2,3,2,2,4,5,4,4,5,3,3,5,4,2,2,0,0,0,0,Moderate
7,8,7,2,5,5,3,4,5,7.0,2,2,4,3,60,3,4,2,4,3,3,4,3,3,5,1,3,5,4,4,3,3,5,4,2,3,0,0,0,1,Moderate
5,9,5,4,5,3,2,2,4,7.5,4,3,1,5,30,0,4,1,2,4,1,5,3,1,2,5,4,4,1,1,4,4,5,2,2,3,0,0,0,0,Moderate
10,11,11,5,13,5,5,5,5,6.0,2,0,3,2,90,3,1,3,4,3,5,5,3,4,5,2,3,3,2,2,3,4,2,3,3,3,0,1,0,1,Critical
10,8,11,4,9,1,4,3,5,6.0,3,3,3,2,45,3,3,5,3,3,4,4,5,5,3,2,1,4,5,2,2,1,5,3,2,2,0,1,0,0,Moderate
4,11,7,3,4,5,1,1,4,5.5,4,3,2,2,45,2,2,1,1,4,2,4,4,3,1,4,1,4,5,3,4,3,3,5,4,2,0,1,0,1,Critical
6,10,8,5,5,3,5,2,3,7.0,3,1,3,2,30,3,5,2,4,5,1,5,5,2,2,5,4,1,3,3,4,4,5,3,4,1,1,0,0,0,High
8,8,4,2,5,4,3,3,3,6.5,2,1,3,3,45,2,4,1,4,2,2,3,2,4,5,1,4,4,5,2,4,5,4,3,2,1,0,1,0,1,Moderate
14,8,4,4,8,3,2,4,3,5.0,1,3,3,2,45,2,4,3,4,4,3,1,5,3,3,1,3,5,3,3,4,4,3,3,2,3,1,1,1,0,Moderate
2,9,5,4,4,1,4,5,4,6.5,2,1,3,2,45,3,4,4,3,4,3,2,4,1,3,3,4,4,3,4,3,3,4,4,1,1,1,0,0,1,High
13,11,14,3,16,5,4,4,4,4.0,1,0,3,1,60,3,2,2,4,3,4,5,3,4,2,2,4,2,4,2,5,1,4,3,2,1,1,1,0,0,High
2,10,7,4,7,2,4,4,3,5.5,4,1,3,3,60,2,3,3,5,4,2,3,3,4,4,4,5,2,3,3,3,1,2,4,4,2,0,1,0,0,High
15,11,12,2,4,4,5,3,5,5.0,5,2,4,3,45,2,1,2,4,2,1,2,4,5,5,3,5,4,4,4,2,5,3,4,2,3,0,1,0,0,Moderate
14,10,12,5,8,3,3,3,5,6.5,2,1,4,3,30,3,5,2,3,4,4,4,5,4,3,4,3,4,4,1,4,3,3,4,2,2,1,1,0,0,Moderate
8,8,7,2,8,3,5,4,2,7.0,2,1,4,3,60,2,3,2,2,4,4,4,3,3,3,5,3,3,3,4,3,5,3,5,2,2,0,1,0,0,Moderate
12,11,11,3,15,4,4,4,5,6.0,1,0,5,2,60,4,2,4,5,3,4,2,2,5,4,4,5,2,4,3,5,5,4,2,3,2,1,1,0,1,Critical
7,11,12,5,7,5,4,2,5,7.0,2,1,3,3,45,2,3,1,5,5,5,5,2,1,4,5,2,1,4,1,3,4,3,2,1,2,1,1,0,1,High
2,9,11,3,8,3,4,2,2,5.5,1,1,2,3,60,2,4,2,4,4,2,3,4,2,3,4,5,3,4,3,5,3,5,3,2,3,0,0,0,0,Low
11,11,15,5,15,3,5,1,5,5.0,1,0,4,1,45,4,3,3,5,1,5,5,1,4,5,4,3,2,4,3,3,2,2,4,2,2,1,1,0,1,Critical
6,13,17,3,20,4,5,4,5,5.0,1,0,3,2,60,5,1,2,4,4,5,4,2,3,5,3,2,3,2,5,2,3,2,4,2,2,1,0,0,0,Critical
8,9,5,4,9,3,3,5,3,5.5,2,3,4,2,60,3,4,1,2,4,5,4,2,2,5,2,4,1,2,4,4,3,2,5,2,2,1,0,0,0,Moderate
2,8,5,5,9,4,3,1,4,5.5,1,2,3,3,30,3,3,4,4,2,4,2,5,4,2,5,4,2,4,2,5,4,5,4,3,2,0,1,0,0,Moderate
13,9,10,2,6,2,4,3,5,6.5,2,1,3,3,60,2,3,1,3,3,2,3,5,4,2,2,3,3,3,3,4,4,3,5,2,3,1,0,1,0,Moderate
6,13,17,4,11,3,5,3,5,5.0,2,0,4,1,90,3,1,2,4,3,4,5,1,4,5,2,3,2,4,1,5,1,4,3,4,2,1,1,0,0,Critical
8,8,5,3,2,3,3,2,2,7.5,1,5,3,5,30,1,3,1,2,4,3,1,1,1,2,5,4,5,4,3,2,5,5,3,4,3,1,0,0,0,Moderate
14,8,2,5,5,2,2,2,3,6.0,3,4,2,4,30,0,4,1,4,1,4,3,4,3,3,4,2,3,3,1,4,2,3,2,3,2,1,0,0,1,Low
12,12,9,4,16,3,5,4,2,4.5,4,0,3,2,45,3,2,3,1,3,4,4,3,4,2,1,5,1,3,3,3,1,3,3,2,1,1,1,0,0,Critical
2,8,0,2,2,1,1,2,3,6.5,4,4,2,4,45,0,3,4,2,5,4,3,5,1,2,4,3,5,2,4,4,4,3,4,3,2,0,0,1,0,Moderate
8,8,1,3,3,5,4,2,4,6.5,3,5,2,4,30,1,4,2,2,4,4,2,4,3,2,3,5,4,4,4,1,4,4,4,3,1,0,0,0,0,Low
1,7,1,2,1,2,3,3,4,7.0,5,5,3,4,30,0,5,1,1,2,3,2,4,5,4,4,3,5,5,4,4,3,5,4,2,2,0,1,0,1,Low
9,11,12,5,7,3,4,4,4,7.0,2,3,3,3,45,3,2,2,4,4,3,5,3,4,4,4,5,4,4,1,3,2,4,3,2,2,0,0,1,0,Moderate
15,12,9,4,12,3,5,4,3,5.0,2,0,3,2,75,3,4,5,5,3,4,5,1,3,5,3,3,2,3,1,2,1,3,4,3,3,1,0,0,0,Critical
11,13,24,5,13,4,4,5,5,4.0,1,0,3,1,60,4,1,2,4,4,4,4,3,5,4,2,2,5,2,2,1,1,4,2,2,3,0,1,0,1,Moderate
7,10,19,2,17,4,4,5,3,5.5,1,1,3,1,90,3,3,3,5,2,5,5,1,3,4,3,4,3,3,2,4,5,2,3,2,3,0,0,0,1,Moderate
4,10,3,2,7,3,5,3,4,6.5,3,2,3,2,45,2,1,1,5,1,4,5,3,3,4,5,5,4,2,4,3,3,1,3,2,1,0,0,0,1,High
14,11,3,4,9,3,5,2,4,6.5,3,3,4,2,30,2,4,1,3,3,4,2,3,3,4,4,2,4,4,4,4,3,2,4,2,2,0,1,1,0,Moderate
6,11,6,4,8,4,5,3,3,6.5,3,1,3,2,30,2,3,2,4,5,4,3,4,2,2,3,4,3,2,2,5,4,3,4,2,2,1,0,0,0,High
7,8,2,4,4,3,4,3,3,6.5,4,3,1,3,15,1,5,3,2,3,2,2,4,2,2,3,1,3,4,3,4,4,5,5,2,2,0,0,0,1,Low
15,13,11,5,19,5,1,3,3,5.5,3,1,5,2,60,4,5,4,3,2,5,3,5,3,3,4,3,1,3,3,1,5,3,3,2,1,1,0,1,0,Critical
12,7,1,4,2,3,3,2,4,6.5,5,5,2,5,15,1,4,2,2,5,2,1,4,1,1,3,4,4,5,4,4,3,3,5,2,1,0,0,0,0,Low
9,11,18,5,12,4,5,5,4,4.5,1,0,5,2,45,3,2,2,5,4,3,3,1,5,3,2,3,3,1,2,5,4,4,1,2,3,1,1,1,0,Critical
3,12,20,4,8,5,5,4,4,5.0,2,0,3,2,60,5,1,3,4,4,5,4,2,3,4,2,4,5,3,3,5,4,1,3,3,1,1,1,0,1,Moderate
1,8,4,2,3,5,3,3,3,7.5,5,3,3,5,30,1,4,1,3,5,3,3,3,1,2,2,4,3,4,3,4,4,1,2,2,3,0,0,0,0,Moderate
11,11,7,3,8,5,4,4,3,5.0,4,2,2,2,45,3,4,2,2,3,3,2,4,4,4,3,3,3,5,1,5,3,5,5,2,1,1,0,1,0,Moderate
7,8,7,5,3,3,3,4,3,5.0,4,1,2,3,60,2,1,2,4,3,4,5,4,4,3,1,5,3,2,4,3,3,4,4,2,1,0,1,0,1,High
9,11,3,5,3,4,5,3,4,5.5,4,2,3,2,45,2,2,2,4,3,3,3,3,5,4,1,1,5,3,4,2,5,5,4,3,3,0,0,0,0,Low
11,11,11,5,6,4,1,4,4,5.0,5,1,4,3,30,2,3,3,4,5,4,3,2,4,2,4,3,3,1,4,2,4,3,5,2,1,1,1,0,1,Moderate
2,13,17,5,19,5,5,3,5,5.5,1,0,4,2,60,3,1,4,4,2,5,5,2,4,5,2,4,1,4,3,3,3,3,2,2,2,1,0,0,1,Critical
8,11,6,4,3,5,2,3,4,5.5,3,2,3,3,45,2,2,4,4,2,4,5,5,3,2,4,2,5,2,2,3,3,4,4,2,3,1,0,1,0,Moderate
4,8,12,5,10,5,4,3,2,6.5,2,3,3,2,45,2,4,5,4,1,4,4,4,2,3,4,2,3,3,4,5,4,3,3,2,2,0,1,1,0,Critical
6,9,6,4,9,5,2,1,2,5.0,3,1,4,3,45,2,2,3,3,3,4,3,5,5,4,1,2,3,2,5,2,3,3,4,4,1,1,1,0,1,Moderate
9,11,22,5,17,4,2,5,4,4.0,1,0,4,2,45,3,1,4,3,2,4,5,4,4,4,1,1,2,4,3,5,2,4,3,2,2,0,1,0,1,Critical
1,8,6,4,3,5,3,3,4,7.0,2,2,2,3,45,2,4,3,3,3,3,3,2,3,3,4,4,4,4,5,4,3,3,5,2,1,0,0,1,0,Low
5,9,3,3,3,4,4,2,4,5.5,3,1,2,2,45,2,3,3,5,3,2,2,4,3,2,4,2,4,4,4,2,5,4,3,2,1,0,0,1,0,Critical
4,8,1,4,3,4,4,1,4,6.5,3,4,3,5,30,1,3,1,3,3,4,2,4,2,4,4,4,3,5,1,5,3,4,4,1,2,1,0,0,1,Low
7,11,7,5,7,5,2,3,5,7.0,1,3,2,3,45,3,2,1,4,5,3,3,4,5,5,5,1,2,4,4,3,2,4,2,2,1,1,1,1,0,Moderate
8,8,5,5,8,4,5,3,4,5.0,2,3,4,2,45,3,3,2,5,4,2,4,3,5,4,3,4,4,3,4,5,1,4,3,3,2,0,0,0,1,Moderate
4,8,3,4,5,3,3,3,4,7.0,4,4,2,4,30,0,3,4,3,5,1,5,3,1,5,3,4,3,4,5,3,4,3,4,3,1,0,0,0,0,Low
4,10,11,3,10,4,2,4,5,5.0,3,1,3,2,45,3,4,4,5,2,2,4,5,5,1,3,3,4,4,2,4,4,4,1,2,1,0,0,1,0,High
9,10,12,4,15,5,2,4,5,6.0,2,1,5,1,90,4,1,2,5,1,4,5,3,4,4,1,3,4,3,3,2,4,3,2,2,1,0,0,0,0,Critical
7,9,5,4,3,1,1,2,3,8.0,3,4,1,4,15,1,3,1,3,5,1,2,5,3,4,3,5,3,3,5,4,3,4,4,2,1,0,0,0,1,Low
4,8,11,5,9,4,3,5,5,6.5,1,1,3,3,60,3,3,4,5,4,3,4,5,3,5,2,4,4,4,3,5,4,3,4,3,1,0,1,0,0,Moderate
13,11,11,1,8,5,4,4,4,5.5,3,1,2,3,60,2,1,2,2,2,3,3,4,3,5,5,4,3,3,3,4,3,5,5,2,2,1,1,0,0,Low
15,13,24,4,15,5,4,5,5,5.0,4,0,5,1,75,3,3,3,3,2,4,5,4,4,4,1,3,3,3,2,3,5,2,4,2,1,1,1,1,0,Critical
6,10,12,4,6,4,4,5,4,5.0,3,3,3,3,60,3,3,2,5,3,3,3,4,1,5,2,4,3,3,5,3,3,1,1,2,1,0,0,0,1,Low
6,8,4,5,9,2,2,5,2,5.0,2,2,3,2,45,2,3,5,2,3,2,4,4,5,3,5,2,4,2,5,4,4,5,2,1,3,0,1,0,1,Moderate
13,7,2,2,5,2,5,4,4,6.5,3,5,2,5,30,1,4,2,4,3,3,1,5,4,3,4,5,4,3,3,4,4,3,4,2,2,0,1,1,0,Low
2,10,8,4,10,4,4,3,5,6.5,3,2,3,2,30,3,4,1,4,3,4,5,5,4,3,4,4,2,3,5,5,1,4,5,3,2,0,0,0,0,Moderate
15,13,12,4,18,5,3,5,3,4.5,2,0,4,1,60,4,3,4,5,1,5,5,2,4,4,1,2,1,4,3,5,3,1,5,4,2,1,1,0,0,Critical
13,8,1,4,1,1,4,2,4,8.0,4,3,3,3,30,1,5,2,4,4,4,5,4,5,1,4,2,3,5,1,4,4,4,4,3,1,0,1,0,1,Low
13,10,12,2,17,5,4,5,3,5.0,1,1,4,1,75,5,1,3,4,2,4,2,3,4,3,4,4,3,2,3,3,1,4,1,2,2,1,1,0,0,Moderate
7,9,3,2,2,2,2,3,3,7.0,4,3,3,3,30,1,4,5,3,5,4,5,5,4,3,4,2,4,5,4,5,4,3,3,3,2,0,0,0,0,Moderate
8,8,4,4,5,2,1,3,4,8.0,3,4,1,4,30,2,5,1,2,5,1,2,3,2,2,4,4,5,2,3,4,4,4,5,2,3,1,0,0,0,Low
8,7,0,1,3,2,3,1,2,8.0,5,4,1,3,30,2,4,3,1,5,4,2,5,2,1,3,3,3,4,4,4,3,1,4,2,2,0,0,0,1,Moderate
14,7,2,4,4,3,5,2,2,6.5,5,4,3,4,30,1,5,2,2,4,5,4,5,1,2,4,5,2,5,4,3,3,3,4,2,2,1,1,0,0,Low
2,10,8,2,7,4,3,3,3,6.0,3,1,3,2,45,2,4,3,4,4,3,4,5,4,5,4,2,2,4,3,3,4,3,3,2,3,0,0,1,0,Critical
12,9,2,3,4,5,4,3,3,7.5,3,3,1,3,15,0,5,2,1,3,3,1,5,5,2,4,1,4,4,3,3,4,4,3,2,2,0,1,1,0,Moderate
15,9,0,2,1,2,4,2,4,8.0,3,4,2,3,15,0,3,2,2,5,3,1,4,3,5,1,3,5,5,4,5,2,4,3,2,3,0,0,1,0,Low
4,12,19,5,12,5,5,3,4,6.0,4,1,4,2,45,3,2,3,4,2,3,4,3,5,3,2,4,3,3,3,5,1,3,3,2,1,1,0,0,1,High
4,10,6,4,6,5,5,5,3,5.0,3,2,3,2,45,3,4,1,5,4,5,4,4,5,5,3,3,3,3,3,3,4,1,4,2,3,1,0,0,0,Moderate
1,8,7,4,5,5,1,4,4,7.0,1,2,3,2,45,3,4,4,4,4,2,4,2,3,3,3,4,5,3,5,4,3,4,2,4,1,0,0,1,0,Critical
10,9,3,4,7,3,5,4,4,6.0,3,2,3,3,45,2,5,3,3,4,4,5,3,2,3,3,5,3,5,3,5,1,5,5,2,2,0,0,0,0,Low
15,11,12,4,3,4,2,2,4,5.5,3,1,2,2,30,2,4,2,1,3,4,5,4,3,4,5,4,3,3,3,4,4,4,2,3,1,1,0,0,1,High
1,13,24,5,8,4,4,4,3,4.5,2,0,5,1,60,3,5,3,3,1,5,5,2,4,2,2,3,2,2,1,2,3,2,2,2,1,0,0,1,0,Critical
15,11,12,4,7,5,2,2,3,6.5,3,2,3,2,30,3,3,4,3,2,3,3,1,2,2,2,3,5,4,4,3,3,1,4,1,3,1,1,0,1,Moderate
8,11,4,2,7,4,2,3,2,6.5,3,2,2,3,30,3,4,1,3,3,4,5,4,2,4,1,4,4,3,3,5,4,3,3,3,2,1,0,1,0,Low
5,10,16,5,20,3,4,4,4,4.5,3,1,5,2,75,3,2,4,5,3,4,3,4,5,3,3,4,2,4,5,5,4,3,3,2,2,1,1,0,0,Low
8,7,5,5,5,5,3,3,4,7.0,5,4,1,3,30,0,2,4,1,5,1,5,4,3,1,5,5,4,4,4,1,4,5,4,3,1,0,0,0,1,Low
8,12,11,4,9,4,5,5,5,4.5,2,0,5,1,60,3,1,4,5,3,5,4,2,4,1,3,3,3,4,3,1,1,3,2,4,2,1,1,0,0,Critical
11,10,5,5,4,4,4,3,4,6.5,5,2,3,3,30,2,2,3,5,3,4,3,2,2,4,5,3,4,5,2,5,3,4,3,3,2,0,0,0,0,Moderate
8,9,6,4,8,4,1,3,4,6.5,2,1,3,3,30,2,1,2,4,5,4,5,4,1,3,4,5,5,3,2,3,5,5,5,1,3,0,0,0,0,Low
2,9,1,4,1,2,2,3,3,8.0,4,5,3,3,30,0,3,3,4,2,2,4,5,3,3,4,3,2,3,3,5,4,4,4,2,2,0,0,0,1,Low
12,9,3,5,10,3,5,4,5,5.0,3,2,3,2,45,3,3,4,3,5,4,4,1,2,4,3,4,2,5,4,3,4,4,4,2,3,0,0,1,0,Moderate
14,7,1,5,3,2,2,1,4,6.0,3,3,1,5,30,0,4,2,1,4,3,3,5,1,5,5,5,1,5,5,5,2,4,5,3,2,0,0,1,0,Moderate
5,12,19,4,16,5,2,4,4,5.0,1,1,4,1,60,3,3,3,4,2,4,4,1,3,5,1,1,4,2,3,3,1,3,1,3,2,1,1,1,0,High
14,10,5,5,8,2,5,3,4,5.0,1,1,2,2,30,2,3,3,3,4,3,3,4,1,2,3,5,4,2,5,4,3,5,3,2,1,1,0,0,0,High
13,10,11,5,11,5,4,3,5,4.0,2,0,4,2,60,5,2,3,5,4,4,4,3,4,5,2,1,5,4,1,5,2,3,5,2,2,0,1,0,1,High
11,11,5,2,5,4,5,3,4,5.0,2,2,3,3,30,3,2,1,4,4,1,2,4,4,3,4,3,4,5,1,5,3,4,4,2,2,1,0,1,0,Moderate
7,9,4,4,7,4,4,3,4,5.0,2,2,3,2,60,2,3,1,2,3,1,4,2,4,1,1,3,5,4,4,2,4,1,3,4,3,1,0,0,1,High
4,8,11,3,3,3,4,2,4,5.5,4,1,4,2,45,2,2,1,4,5,3,3,3,2,4,4,3,5,2,4,4,3,3,3,3,3,0,1,0,1,High
1,9,2,2,2,2,2,3,4,6.0,1,4,2,4,15,1,3,4,3,4,2,1,4,3,1,5,5,4,5,3,1,1,4,2,2,3,0,0,1,0,Low
2,11,9,5,8,2,4,5,5,5.5,5,2,4,2,45,3,4,1,4,2,3,3,3,3,2,2,1,3,5,2,5,4,4,4,3,2,0,1,0,0,High
15,8,0,3,4,3,4,1,2,6.5,4,4,1,3,15,1,3,1,5,5,1,2,4,4,3,3,4,3,3,3,4,3,3,4,2,2,0,1,0,0,Low
3,10,18,5,8,5,5,3,4,5.0,2,1,4,1,60,5,1,3,3,3,3,5,2,3,5,1,3,1,3,3,3,1,3,4,2,1,0,0,1,0,Critical
10,8,9,4,4,3,3,4,2,5.5,1,1,3,3,45,3,3,1,3,3,5,2,3,3,4,1,3,4,4,3,3,2,3,5,2,3,0,0,0,0,High
4,10,7,4,10,5,3,3,3,7.0,2,1,3,2,30,2,1,4,2,4,4,2,4,4,3,2,3,4,4,2,4,2,5,3,1,2,1,1,0,1,High
6,13,17,4,20,4,2,2,4,5.5,2,1,3,1,45,4,4,1,5,3,5,4,4,2,5,2,3,4,2,2,4,2,3,2,2,3,0,1,0,0,Moderate
2,7,0,2,4,3,1,2,5,6.0,3,3,1,5,45,1,4,2,2,3,3,1,3,3,1,2,3,5,5,1,4,3,4,5,3,1,0,0,0,1,Critical
1,8,7,5,7,2,2,2,5,5.5,3,3,3,3,60,2,3,1,1,5,4,4,5,5,5,3,3,2,3,3,4,4,5,4,2,2,0,0,1,0,Low
6,8,12,5,10,4,4,5,2,7.0,4,3,2,2,45,2,4,3,4,2,4,4,5,1,1,3,2,4,5,3,5,1,2,1,2,2,0,0,0,1,High
1,7,4,1,1,3,3,5,4,7.5,5,3,1,3,15,0,4,3,4,4,5,1,1,3,2,3,3,3,4,4,4,4,4,3,2,3,1,0,0,0,Low
1,11,7,4,9,3,3,4,5,5.0,3,1,3,3,60,3,3,3,3,5,5,4,3,3,1,4,3,3,3,4,2,4,5,5,3,3,1,0,0,1,Low
15,11,11,5,6,4,4,3,4,7.0,2,1,2,2,60,2,4,1,5,5,4,4,1,5,5,5,4,3,5,3,4,1,5,2,2,3,1,0,0,0,Moderate
4,12,12,4,10,4,4,4,4,5.5,1,0,5,1,45,5,3,5,5,5,3,3,2,3,4,3,3,2,5,1,3,3,4,3,4,3,0,1,0,0,Moderate
12,9,3,3,6,2,5,3,4,6.5,3,2,3,3,45,2,1,3,3,4,4,5,5,1,5,4,4,1,5,2,5,1,4,4,3,3,0,0,0,0,Low
14,11,15,5,18,4,3,5,5,6.0,4,0,3,1,75,4,1,2,5,3,4,5,2,4,5,1,3,2,3,2,3,1,3,2,2,2,0,0,0,1,High
7,10,6,3,9,5,3,3,1,6.5,2,3,3,3,30,2,3,1,3,3,2,3,4,2,1,4,5,3,2,4,5,4,4,3,3,1,1,0,1,0,Moderate
13,7,3,3,5,2,4,2,4,6.5,4,3,2,3,30,1,5,2,1,4,1,4,5,2,4,5,5,4,3,5,3,2,3,3,2,2,0,0,0,0,Moderate
12,7,1,2,3,1,3,3,3,6.5,4,5,3,3,15,1,2,3,1,4,1,2,4,3,5,5,3,2,5,5,5,2,5,3,2,2,1,0,0,0,High
5,11,4,4,7,4,3,5,2,5.5,5,1,4,2,45,2,3,2,3,1,2,5,5,4,3,3,4,5,3,4,5,5,3,1,3,2,0,1,1,0,Moderate
5,11,9,5,10,2,5,3,3,6.5,3,2,3,3,45,2,5,3,3,3,4,4,4,4,3,5,5,2,2,5,5,5,5,4,4,2,1,1,0,1,High
8,10,3,5,9,5,4,5,4,7.0,2,1,4,3,45,2,3,3,3,3,4,3,4,5,3,5,2,5,2,2,4,3,5,3,3,1,1,1,0,1,Moderate
2,10,21,4,15,1,5,4,4,6.0,1,0,3,1,60,3,1,3,5,4,3,3,1,4,5,4,4,2,3,4,3,2,5,4,3,1,1,0,0,1,High
12,13,24,4,11,5,4,4,5,4.0,1,0,4,1,75,4,3,4,2,2,5,3,3,5,4,2,3,4,2,5,4,5,1,2,2,1,1,0,0,1,Critical
8,11,7,3,5,5,4,1,3,5.0,5,2,4,3,30,2,3,2,4,4,4,4,2,5,3,5,2,5,2,2,1,4,5,4,2,1,0,0,0,0,High
14,11,8,4,14,4,5,2,5,5.5,4,0,4,1,75,4,1,3,3,3,2,5,1,5,4,2,5,3,5,1,3,3,5,2,2,2,1,1,1,0,Critical
3,13,22,4,7,5,4,4,5,6.0,2,0,5,2,90,4,3,2,4,2,4,4,2,5,4,2,5,3,3,2,5,2,3,2,2,1,1,1,0,0,Critical
13,9,11,4,9,5,3,1,4,6.0,4,2,4,3,30,2,2,5,2,3,3,5,3,5,1,2,3,4,5,1,1,4,2,2,2,2,1,1,0,1,Low
3,10,11,5,4,5,3,3,3,5.5,4,1,3,3,45,2,3,2,3,4,3,5,4,4,3,2,4,3,3,2,2,4,3,4,2,1,1,0,0,0,Moderate
10,9,12,3,8,4,1,5,4,5.0,4,2,3,2,45,2,3,3,3,2,2,1,3,4,4,2,5,4,5,4,4,1,2,1,2,2,1,0,0,1,Moderate
1,7,0,4,5,4,1,1,3,7.5,3,4,3,4,30,0,3,5,3,3,3,3,4,1,2,3,5,4,4,3,3,2,5,3,2,1,0,0,0,1,Low
15,9,3,3,8,2,2,5,4,7.0,3,2,4,2,45,3,2,4,4,5,3,2,3,2,5,1,4,4,3,1,4,3,3,5,2,3,0,0,0,0,Moderate
4,9,2,4,1,4,1,3,3,7.5,3,3,1,3,15,1,4,3,3,4,2,3,4,4,2,1,4,3,5,5,2,2,4,4,2,1,0,1,0,0,Low
3,7,3,3,3,3,5,4,3,8.0,4,4,2,4,15,1,2,5,2,5,1,4,3,1,4,5,4,4,4,5,3,3,4,4,4,3,1,0,0,1,Low
6,9,10,5,5,4,4,3,5,7.0,3,2,4,2,45,2,4,1,4,2,4,5,4,4,4,5,4,5,4,3,3,3,2,5,2,1,0,0,1,0,High
5,9,9,4,9,4,2,4,4,5.0,4,1,2,2,45,3,4,5,4,2,5,4,4,4,5,4,3,4,1,3,3,2,1,2,4,2,0,1,1,0,Critical
8,7,5,1,2,2,1,2,3,7.5,3,3,2,4,30,0,3,4,5,3,2,3,5,2,4,4,4,4,5,5,2,3,4,4,1,1,0,1,0,1,High
9,12,10,2,8,5,5,4,4,6.0,3,0,5,2,45,5,2,4,2,4,5,5,4,4,4,4,4,5,5,2,3,2,4,3,2,1,1,1,0,0,High
9,7,3,4,2,2,3,1,5,7.5,3,3,3,5,15,1,2,1,3,2,4,3,5,3,5,4,4,5,4,1,4,5,5,4,2,3,1,0,1,0,Low
12,11,8,4,7,3,4,3,4,5.5,5,3,4,2,30,2,2,3,4,1,5,3,3,4,3,3,2,3,4,5,3,3,4,5,2,1,0,1,0,0,Moderate
15,9,5,3,5,3,2,2,5,7.0,3,5,2,4,45,2,4,5,1,3,4,2,3,2,3,4,4,5,4,3,5,3,3,2,2,2,0,1,0,0,Low
14,13,13,5,16,2,5,3,5,4.5,2,1,3,1,60,3,2,2,4,1,4,3,1,2,5,1,4,1,2,3,3,5,5,4,1,1,1,0,0,0,Critical
5,10,5,5,8,1,5,4,3,5.5,3,1,3,3,60,3,3,3,5,3,2,3,5,4,4,2,5,3,4,1,2,4,5,3,2,2,1,0,0,0,Low
14,8,5,2,5,3,5,2,2,7.5,4,3,2,3,30,1,4,2,2,5,2,3,4,5,2,4,2,4,3,4,5,5,4,5,2,2,0,0,1,0,Moderate
10,8,10,4,3,3,4,2,5,6.5,4,1,3,3,45,2,3,2,5,2,5,4,5,3,3,5,2,2,3,5,4,3,4,3,2,1,0,0,0,1,Moderate
14,9,3,3,6,3,3,4,3,5.5,2,3,2,2,60,2,4,1,4,4,3,5,4,3,4,4,2,3,3,3,4,3,5,3,1,2,1,0,0,0,Moderate
5,11,8,4,4,5,2,1,4,6.0,3,1,3,3,45,3,3,3,4,4,4,3,3,3,4,5,3,2,2,4,3,2,3,4,2,3,1,1,0,0,Low
4,9,12,5,10,4,5,3,3,7.0,3,1,3,2,30,2,1,1,3,4,2,5,4,4,4,3,1,5,2,5,4,2,3,4,2,2,0,0,1,0,Low
11,13,22,4,10,5,4,3,5,4.0,4,1,4,2,60,3,1,3,5,1,4,5,1,5,4,1,4,2,3,2,1,1,1,1,2,2,1,0,1,0,Critical
11,8,8,5,4,3,5,4,3,5.5,3,1,4,2,45,2,2,4,4,5,5,3,3,5,5,4,4,4,3,4,5,4,1,3,2,1,0,0,1,0,Low
2,10,11,5,7,5,4,3,4,5.0,2,1,4,3,30,2,2,1,5,3,3,5,4,4,3,3,4,2,3,2,1,3,4,3,2,1,1,0,1,0,Moderate
12,12,17,4,17,5,4,4,5,4.5,4,1,5,1,75,4,1,5,2,1,5,2,4,5,2,2,4,3,5,4,3,1,5,3,3,2,1,1,0,0,Critical
11,10,12,3,10,1,5,2,3,7.0,3,2,3,3,60,3,3,2,4,4,1,5,2,3,5,2,3,2,3,2,3,3,5,5,2,1,1,1,0,1,Low
15,10,15,4,10,5,3,5,3,6.0,2,0,5,1,45,4,3,4,5,2,3,5,3,3,3,1,3,4,4,5,1,4,4,3,2,2,1,1,1,0,Critical
8,7,4,4,2,4,5,1,1,6.5,4,4,2,4,30,0,3,1,4,3,1,1,5,1,2,3,5,5,5,4,4,4,3,4,2,3,0,1,0,1,Low
11,13,17,5,9,5,5,4,5,5.0,1,1,5,2,90,5,1,4,5,1,3,5,2,5,1,1,3,2,4,3,1,1,3,2,2,3,1,1,0,0,High
5,10,10,4,4,4,1,4,3,5.5,5,2,4,3,60,2,2,3,4,5,2,3,4,2,3,3,4,2,5,3,5,3,3,2,3,2,1,0,0,1,Low
7,9,1,1,2,5,2,1,4,7.0,2,3,3,4,30,0,5,4,2,5,2,2,3,4,4,4,4,4,5,3,4,4,1,4,2,1,0,1,0,0,Moderate
11,8,1,4,3,3,4,5,4,8.0,2,4,2,5,30,1,4,2,2,1,3,2,3,1,1,2,4,3,4,4,5,1,4,3,2,3,1,0,0,0,Moderate
1,8,2,3,3,1,3,3,4,6.5,5,4,1,3,45,1,4,2,2,5,4,2,5,4,2,4,3,2,4,3,5,5,2,4,2,1,0,0,0,1,Moderate
8,12,9,5,15,4,3,5,5,4.0,3,0,4,1,75,3,2,2,5,3,5,5,2,5,3,4,2,2,3,4,5,3,3,5,3,1,1,1,0,0,High
2,11,11,4,7,4,3,3,5,6.0,3,2,4,3,45,3,1,5,3,2,1,5,5,5,5,3,5,5,4,2,4,5,5,5,2,3,0,0,0,1,Critical
8,10,12,2,3,3,2,3,3,6.5,2,2,2,3,60,2,2,2,5,4,5,3,5,2,1,5,5,2,2,1,2,2,5,4,2,2,0,1,0,0,High
7,10,12,4,6,5,3,4,2,5.5,1,3,3,2,45,3,3,3,3,3,5,3,3,3,4,4,3,2,1,3,3,5,3,3,2,3,1,0,0,0,High
15,10,6,3,10,3,4,3,3,7.0,3,1,3,3,60,3,5,4,1,4,1,3,4,4,4,1,2,2,2,2,4,4,3,4,2,2,0,0,1,0,Critical
1,7,1,4,1,2,3,2,3,6.5,3,4,3,4,30,0,4,1,4,3,2,4,2,2,2,3,5,4,2,4,4,5,3,4,3,3,0,0,0,1,Low
8,11,19,3,19,5,5,4,4,4.0,2,0,3,1,60,4,1,2,5,2,4,4,1,1,5,3,4,3,4,5,4,2,3,3,3,3,1,1,0,1,High
9,11,10,3,8,3,2,4,3,6.5,3,3,3,2,60,3,1,4,3,2,3,4,3,3,2,4,5,4,3,2,3,2,4,4,2,3,0,1,0,0,Moderate
15,9,5,3,2,1,4,1,2,8.0,3,4,2,3,30,2,3,3,4,4,3,2,4,3,3,5,3,4,3,2,4,3,3,3,2,2,1,0,1,0,Moderate
13,12,20,5,13,1,5,5,2,6.0,2,0,4,2,45,5,2,4,5,2,4,5,2,4,1,3,3,3,2,5,3,3,3,4,3,2,1,1,0,0,Critical
14,9,11,4,10,2,2,1,4,6.0,2,1,2,2,60,3,1,3,4,3,4,3,3,3,2,4,3,3,3,4,5,4,3,4,2,1,0,1,0,0,Moderate
11,10,17,5,14,3,3,5,5,5.5,3,0,3,1,60,4,1,2,4,2,4,3,1,3,5,2,4,3,5,2,2,1,2,4,2,1,1,0,0,1,Moderate
4,7,1,3,2,2,3,2,3,8.0,5,3,2,3,30,1,4,4,3,4,1,4,3,2,1,4,5,3,3,5,4,4,3,5,2,1,0,0,0,0,Low
8,9,1,4,2,2,4,1,4,6.5,4,3,3,5,15,1,2,4,3,3,1,1,4,3,1,3,3,3,4,4,4,5,5,4,4,1,0,0,0,0,Low
1,11,14,3,7,3,5,5,5,6.0,2,1,3,1,45,4,2,4,5,2,5,5,2,4,5,3,2,3,3,2,2,4,4,3,4,1,0,0,0,1,Critical
14,7,0,2,5,3,2,2,3,6.5,4,3,2,3,45,2,3,2,3,4,2,3,3,1,1,3,5,5,4,4,3,4,3,4,2,2,0,0,0,0,Low
13,11,5,3,8,3,3,3,4,6.0,3,1,4,3,30,2,2,2,5,3,3,3,4,4,3,2,3,5,4,3,4,4,3,3,1,2,1,0,0,0,Moderate
15,11,25,4,14,5,5,2,4,4.5,4,1,4,1,45,5,2,1,4,4,5,1,4,4,2,4,4,3,3,4,4,4,3,5,2,3,1,1,0,0,Critical
15,7,1,3,4,3,3,3,3,7.5,3,4,2,4,15,0,3,1,3,1,3,2,4,3,2,5,2,4,5,4,3,3,4,5,2,2,0,0,0,0,Moderate
14,8,4,5,1,3,5,5,4,6.0,4,3,2,5,15,0,4,4,1,3,4,1,4,4,3,5,2,5,5,2,2,5,4,4,1,2,0,0,0,0,Moderate
9,10,10,5,19,2,4,3,4,6.0,2,1,5,2,60,3,1,2,3,2,4,4,2,3,2,3,3,3,4,4,3,3,5,4,3,1,0,0,0,0,Critical
15,12,19,5,18,2,5,3,3,4.0,2,0,4,1,90,4,2,5,3,2,5,5,3,5,5,4,2,2,3,3,2,1,3,5,2,1,1,0,0,1,Moderate
8,10,10,4,8,4,4,4,4,5.0,3,1,3,1,60,3,2,4,5,1,5,5,4,3,5,4,3,2,2,4,3,4,4,3,3,1,0,0,1,0,High
11,12,23,3,10,5,5,5,4,5.5,2,0,3,1,60,4,1,4,5,2,5,4,2,5,4,4,1,3,3,3,5,3,4,3,2,3,1,0,0,0,Critical
8,9,3,5,8,5,4,3,5,5.0,4,3,3,2,30,2,3,3,5,3,5,4,5,2,5,4,2,2,5,1,4,2,4,5,3,2,1,0,1,0,Critical
4,11,8,4,4,5,1,2,4,5.5,4,3,3,2,30,2,3,2,4,2,3,4,3,5,3,5,5,5,1,5,2,1,3,3,2,1,0,0,0,0,Moderate
14,13,10,4,16,5,3,4,4,5.5,1,0,5,2,60,3,1,3,3,2,1,4,1,5,5,2,1,3,2,3,5,3,3,3,3,1,0,1,0,1,Critical
14,8,4,4,3,3,4,3,4,6.0,2,1,4,2,30,2,4,2,4,4,3,3,3,5,1,3,4,4,3,3,3,3,4,5,1,2,0,1,0,1,Moderate
8,10,25,4,10,5,5,4,5,4.5,1,0,4,1,60,5,4,4,5,1,3,5,2,4,4,3,2,3,2,1,3,1,4,1,2,1,0,1,0,0,Moderate
4,9,3,5,6,3,5,4,3,7.0,3,1,4,3,45,3,2,4,4,5,4,3,4,3,3,2,5,3,4,3,5,3,4,5,2,2,0,0,0,0,Moderate
5,13,14,5,13,4,5,4,4,4.0,2,1,3,1,75,4,2,3,5,1,4,3,3,4,4,2,1,1,4,2,5,3,1,4,3,2,1,0,1,0,Critical
7,10,11,2,3,5,2,2,4,6.0,1,1,4,3,45,2,3,3,5,4,4,1,4,3,5,3,3,3,3,2,5,3,5,5,2,2,1,0,0,0,Moderate
7,8,8,3,4,4,5,2,4,7.0,2,3,4,2,30,3,4,4,2,2,4,4,1,3,4,4,3,3,4,5,3,2,5,3,3,3,1,0,0,0,High
2,9,5,3,2,5,3,1,1,7.5,5,5,1,3,15,1,4,2,1,4,3,1,5,2,3,5,4,3,3,5,3,4,5,5,2,2,0,0,0,1,Moderate
10,8,1,4,4,5,2,3,4,7.5,4,4,2,3,30,0,4,2,2,3,2,2,4,3,5,3,5,3,4,4,4,4,4,4,3,2,1,1,0,0,Low
10,9,9,1,5,5,5,4,2,6.0,3,3,4,3,45,3,2,3,5,3,4,4,1,4,2,4,2,5,3,2,2,5,4,4,2,3,0,1,1,0,Moderate
11,10,13,4,17,5,4,5,4,5.5,4,1,5,2,45,3,1,2,5,3,5,3,4,5,3,4,2,1,4,3,2,2,5,4,3,3,1,1,0,1,High
